query_id,true_species,true_genus,query_type,nj_predicted_species,nj_predicted_genus,nj_ref_species_in_clade,knn_k4_predicted_species,knn_k4_confidence,knn_k4_flagged_unknown,knn_k4_flagged_at_90,knn_k4_flagged_at_95,knn_k4_flagged_at_99,rf_k4_predicted_species,rf_k4_confidence,rf_k4_flagged_unknown,rf_k4_flagged_at_90,rf_k4_flagged_at_95,rf_k4_flagged_at_99,knn_k6_predicted_species,knn_k6_confidence,knn_k6_flagged_unknown,knn_k6_flagged_at_90,knn_k6_flagged_at_95,knn_k6_flagged_at_99,rf_k6_predicted_species,rf_k6_confidence,rf_k6_flagged_unknown,rf_k6_flagged_at_90,rf_k6_flagged_at_95,rf_k6_flagged_at_99
ODOBP2894-16,Ceriagrion tenellum,Ceriagrion,known,Ceriagrion tenellum,Ceriagrion,Ceriagrion tenellum,Ceriagrion tenellum,-0.0053,False,False,False,False,Ceriagrion tenellum,0.912,False,False,False,False,Ceriagrion tenellum,-0.0065,False,False,False,False,Ceriagrion tenellum,0.974,False,False,False,False
ZPLOD129-20,Ceriagrion tenellum,Ceriagrion,known,Ceriagrion tenellum,Ceriagrion,Ceriagrion tenellum,Ceriagrion tenellum,-0.0043,False,False,False,False,Ceriagrion tenellum,0.986,False,False,False,False,Ceriagrion tenellum,-0.0053,False,False,False,False,Ceriagrion tenellum,0.996,False,False,False,False
TRDOD016-14,Coenagrion armatum,Coenagrion,known,Coenagrion armatum,Coenagrion,Coenagrion armatum,Coenagrion armatum,-0.004,False,False,False,False,Coenagrion armatum,0.508,False,True,False,False,Coenagrion armatum,-0.0041,False,False,False,False,Coenagrion armatum,0.568,False,True,False,False
ZPLOD196-20,Coenagrion caerulescens,Coenagrion,known,Coenagrion caerulescens,Coenagrion,Coenagrion caerulescens,Coenagrion caerulescens,-0.0043,False,False,False,False,Coenagrion caerulescens,0.966,False,False,False,False,Coenagrion caerulescens,-0.0053,False,False,False,False,Coenagrion caerulescens,0.978,False,False,False,False
ZPLOD190-20,Coenagrion caerulescens,Coenagrion,known,Coenagrion caerulescens,Coenagrion,Coenagrion caerulescens,Coenagrion caerulescens,-0.0154,True,True,True,False,Coenagrion caerulescens,0.69,False,False,False,False,Coenagrion caerulescens,-0.0176,True,True,True,False,Coenagrion caerulescens,0.796,False,False,False,False
AODON426-20,Coenagrion hastulatum,Coenagrion,known,Coenagrion hastulatum,Coenagrion,Coenagrion hastulatum,Coenagrion hastulatum,-0.0043,False,False,False,False,Coenagrion hastulatum,0.944,False,False,False,False,Coenagrion hastulatum,-0.0053,False,False,False,False,Coenagrion hastulatum,0.972,False,False,False,False
ZPLOD202-20,Coenagrion hastulatum,Coenagrion,known,Coenagrion hastulatum,Coenagrion,Coenagrion hastulatum,Coenagrion hastulatum,-0.0043,False,False,False,False,Coenagrion hastulatum,0.944,False,False,False,False,Coenagrion hastulatum,-0.0053,False,False,False,False,Coenagrion hastulatum,0.964,False,False,False,False
GBMNC60714-20,Coenagrion hastulatum,Coenagrion,known,Coenagrion hastulatum,Coenagrion,Coenagrion hastulatum,Coenagrion hastulatum,-0.0057,False,False,False,False,Coenagrion hastulatum,0.904,False,False,False,False,Coenagrion hastulatum,-0.0059,False,False,False,False,Coenagrion hastulatum,0.94,False,False,False,False
PLSW010-20,Coenagrion hastulatum,Coenagrion,known,Coenagrion hastulatum,Coenagrion,Coenagrion hastulatum,Coenagrion hastulatum,-0.0044,False,False,False,False,Coenagrion hastulatum,0.912,False,False,False,False,Coenagrion hastulatum,-0.0049,False,False,False,False,Coenagrion hastulatum,0.87,False,False,False,False
AODON483-20,Coenagrion hastulatum,Coenagrion,known,Coenagrion hastulatum,Coenagrion,Coenagrion hastulatum,Coenagrion hastulatum,-0.0072,False,False,False,False,Coenagrion hastulatum,0.866,False,False,False,False,Coenagrion hastulatum,-0.0088,False,False,False,False,Coenagrion hastulatum,0.92,False,False,False,False
AODON859-22,Coenagrion hastulatum,Coenagrion,known,Coenagrion hastulatum,Coenagrion,Coenagrion hastulatum,Coenagrion hastulatum,-0.0059,False,False,False,False,Coenagrion hastulatum,0.972,False,False,False,False,Coenagrion hastulatum,-0.0077,False,False,False,False,Coenagrion hastulatum,0.952,False,False,False,False
LEFIJ15493-21,Coenagrion hastulatum,Coenagrion,known,Coenagrion hastulatum,Coenagrion,Coenagrion hastulatum,Coenagrion hastulatum,-0.0027,False,False,False,False,Coenagrion hastulatum,0.974,False,False,False,False,Coenagrion hastulatum,-0.0027,False,False,False,False,Coenagrion hastulatum,0.996,False,False,False,False
LEFIJ29508-22,Coenagrion johanssoni,Coenagrion,known,Coenagrion johanssoni,Coenagrion,Coenagrion johanssoni,Coenagrion johanssoni,-0.0245,True,True,True,True,Coenagrion johanssoni,0.168,True,True,True,True,Coenagrion johanssoni,-0.0279,True,True,True,True,Coenagrion johanssoni,0.312,True,True,True,False
LEFIJ29511-22,Coenagrion lunulatum,Coenagrion,known,Coenagrion lunulatum,Coenagrion,Coenagrion lunulatum,Coenagrion lunulatum,-0.0082,False,False,False,False,Coenagrion lunulatum,0.7,False,False,False,False,Coenagrion lunulatum,-0.0098,False,False,False,False,Coenagrion lunulatum,0.772,False,False,False,False
ZPLOD203-20,Coenagrion mercuriale,Coenagrion,known,Coenagrion mercuriale,Coenagrion,Coenagrion mercuriale,Coenagrion mercuriale,-0.0043,False,False,False,False,Coenagrion mercuriale,0.96,False,False,False,False,Coenagrion mercuriale,-0.0053,False,False,False,False,Coenagrion mercuriale,0.948,False,False,False,False
FBAQU1429-13,Coenagrion mercuriale,Coenagrion,known,Coenagrion mercuriale,Coenagrion,Coenagrion mercuriale,Coenagrion mercuriale,-0.0079,False,False,False,False,Coenagrion mercuriale,0.494,True,True,True,False,Coenagrion mercuriale,-0.0074,False,False,False,False,Coenagrion mercuriale,0.538,True,True,True,False
AODON427-20,Coenagrion ornatum,Coenagrion,known,Coenagrion puella,Coenagrion,Coenagrion puella,Coenagrion puella,-0.0015,False,False,False,False,Coenagrion puella,0.7985,False,False,False,False,Coenagrion puella,-0.0015,False,False,False,False,Coenagrion puella,0.7884,False,False,False,False
FBAQU1446-13,Coenagrion ornatum,Coenagrion,known,ambiguous,Coenagrion,Coenagrion ornatum;Coenagrion puella,Coenagrion puella,-0.0046,False,False,False,False,Coenagrion puella,0.6482,False,False,False,False,Coenagrion puella,-0.0055,False,False,False,False,Coenagrion puella,0.7779,False,False,False,False
ODOPL070-19,Coenagrion puella,Coenagrion,known,Coenagrion puella,Coenagrion,Coenagrion puella,Coenagrion puella,-0.0039,False,False,False,False,Coenagrion puella,0.8837,False,False,False,False,Coenagrion puella,-0.005,False,False,False,False,Coenagrion puella,0.937,False,False,False,False
GBODO037-18,Coenagrion puella,Coenagrion,known,ambiguous,Coenagrion,Coenagrion ornatum;Coenagrion puella,Coenagrion puella,-0.0034,False,False,False,False,Coenagrion puella,0.884,False,False,False,False,Coenagrion puella,-0.0041,False,False,False,False,Coenagrion puella,0.901,False,False,False,False
GBODO125-18,Coenagrion puella,Coenagrion,known,Coenagrion puella,Coenagrion,Coenagrion puella,Coenagrion puella,-0.008,False,False,False,False,Coenagrion puella,0.744,False,False,False,False,Coenagrion puella,-0.0093,False,False,False,False,Coenagrion puella,0.859,False,False,False,False
ODOPL104-19,Coenagrion puella,Coenagrion,known,Coenagrion puella,Coenagrion,Coenagrion puella,Coenagrion puella,-0.0045,False,False,False,False,Coenagrion puella,0.8321,False,False,False,False,Coenagrion puella,-0.0039,False,False,False,False,Coenagrion puella,0.9295,False,False,False,False
AODON229-20,Coenagrion puella,Coenagrion,known,Coenagrion puella,Coenagrion,Coenagrion puella,Coenagrion puella,-0.0051,False,False,False,False,Coenagrion puella,0.79,False,False,False,False,Coenagrion puella,-0.0059,False,False,False,False,Coenagrion puella,0.7764,False,False,False,False
FBAQU528-10,Coenagrion puella,Coenagrion,known,Coenagrion puella,Coenagrion,Coenagrion puella,Coenagrion puella,-0.0094,False,False,False,False,Coenagrion puella,0.7638,False,False,False,False,Coenagrion puella,-0.0102,False,False,False,False,Coenagrion puella,0.8445,False,False,False,False
GBMIN88593-17,Coenagrion puella,Coenagrion,known,Coenagrion puella,Coenagrion,Coenagrion puella,Coenagrion puella,-0.0047,False,False,False,False,Coenagrion puella,0.8882,False,False,False,False,Coenagrion puella,-0.0057,False,False,False,False,Coenagrion puella,0.9215,False,False,False,False
LEFIJ15497-21,Coenagrion puella,Coenagrion,known,Coenagrion puella,Coenagrion,Coenagrion puella,Coenagrion puella,-0.0051,False,False,False,False,Coenagrion puella,0.9092,False,False,False,False,Coenagrion puella,-0.0054,False,False,False,False,Coenagrion puella,0.925,False,False,False,False
HMYZ210-23,Coenagrion puella,Coenagrion,known,Coenagrion puella,Coenagrion,Coenagrion puella,Coenagrion puella,-0.0075,False,False,False,False,Coenagrion puella,0.5789,False,True,False,False,Coenagrion puella,-0.008,False,False,False,False,Coenagrion puella,0.6268,False,True,False,False
ODOPL071-19,Coenagrion puella,Coenagrion,known,Coenagrion puella,Coenagrion,Coenagrion puella,Coenagrion puella,-0.0038,False,False,False,False,Coenagrion puella,0.8857,False,False,False,False,Coenagrion puella,-0.0039,False,False,False,False,Coenagrion puella,0.9295,False,False,False,False
ZPLOD234-20,Coenagrion puella,Coenagrion,known,Coenagrion puella,Coenagrion,Coenagrion puella,Coenagrion puella,-0.0043,False,False,False,False,Coenagrion ornatum,0.8204,False,False,False,False,Coenagrion puella,-0.0053,False,False,False,False,Coenagrion ornatum,0.896,False,False,False,False
AODON518-20,Coenagrion puella,Coenagrion,known,Coenagrion puella,Coenagrion,Coenagrion puella,Coenagrion puella,-0.0046,False,False,False,False,Coenagrion puella,0.7711,False,False,False,False,Coenagrion puella,-0.0055,False,False,False,False,Coenagrion puella,0.7737,False,False,False,False
AODON172-20,Coenagrion puella,Coenagrion,known,Coenagrion ornatum,Coenagrion,Coenagrion ornatum,Coenagrion puella,-0.0085,False,False,False,False,Coenagrion puella,0.5279,False,True,False,False,Coenagrion puella,-0.0093,False,False,False,False,Coenagrion puella,0.5303,True,True,True,False
LEFIJ7804-18,Coenagrion puella,Coenagrion,known,Coenagrion puella,Coenagrion,Coenagrion puella,Coenagrion puella,-0.0037,False,False,False,False,Coenagrion puella,0.9262,False,False,False,False,Coenagrion puella,-0.0038,False,False,False,False,Coenagrion puella,0.947,False,False,False,False
AODON020-20,Coenagrion puella,Coenagrion,known,Coenagrion puella,Coenagrion,Coenagrion puella,Coenagrion puella,-0.0015,False,False,False,False,Coenagrion puella,0.7985,False,False,False,False,Coenagrion puella,-0.0015,False,False,False,False,Coenagrion puella,0.7884,False,False,False,False
AODON399-20,Coenagrion pulchellum,Coenagrion,unknown,ambiguous,Coenagrion,Coenagrion ornatum;Coenagrion puella,Coenagrion puella,-0.0151,True,True,True,False,Coenagrion puella,0.2792,True,True,True,False,Coenagrion puella,-0.0171,True,True,True,False,Coenagrion puella,0.5216,True,True,True,False
AODON924-22,Coenagrion pulchellum,Coenagrion,unknown,ambiguous,Coenagrion,Coenagrion ornatum;Coenagrion puella,Coenagrion puella,-0.0,False,False,False,False,Coenagrion ornatum,0.896,False,False,False,False,Coenagrion ornatum,-0.0,False,False,False,False,Coenagrion ornatum,0.895,False,False,False,False
AODON381-20,Coenagrion pulchellum,Coenagrion,unknown,ambiguous,Coenagrion,Coenagrion ornatum;Coenagrion puella,Coenagrion puella,-0.0136,True,True,True,False,Coenagrion mercuriale,0.258,True,True,True,False,Coenagrion puella,-0.0149,True,True,True,False,Coenagrion ornatum,0.4867,True,True,True,False
AODON186-20,Coenagrion pulchellum,Coenagrion,unknown,ambiguous,Coenagrion,Coenagrion ornatum;Coenagrion puella,Coenagrion puella,-0.0151,True,True,True,False,Coenagrion mercuriale,0.17,True,True,True,True,Coenagrion puella,-0.017,True,True,True,False,Coenagrion ornatum,0.5046,True,True,True,False
AODON499-20,Coenagrion pulchellum,Coenagrion,unknown,Coenagrion puella,Coenagrion,Coenagrion puella,Coenagrion puella,-0.0,False,False,False,False,Coenagrion puella,0.9513,False,False,False,False,Coenagrion puella,-0.0,False,False,False,False,Coenagrion puella,0.9727,False,False,False,False
ZPLOD262-20,Coenagrion pulchellum,Coenagrion,unknown,ambiguous,Coenagrion,Coenagrion ornatum;Coenagrion puella,Coenagrion puella,-0.0065,False,False,False,False,Coenagrion ornatum,0.7789,False,False,False,False,Coenagrion puella,-0.0068,False,False,False,False,Coenagrion ornatum,0.8292,False,False,False,False
ODOBP3585-16,Coenagrion pulchellum,Coenagrion,unknown,Coenagrion puella,Coenagrion,Coenagrion puella,Coenagrion puella,-0.0043,False,False,False,False,Coenagrion ornatum,0.8627,False,False,False,False,Coenagrion puella,-0.0053,False,False,False,False,Coenagrion ornatum,0.8756,False,False,False,False
AODON004-20,Coenagrion pulchellum,Coenagrion,unknown,ambiguous,Coenagrion,Coenagrion ornatum;Coenagrion puella,Coenagrion puella,-0.0128,True,True,True,False,Coenagrion ornatum,0.256,True,True,True,False,Coenagrion puella,-0.0139,True,True,True,False,Coenagrion ornatum,0.5469,True,True,True,False
AODON036-20,Coenagrion pulchellum,Coenagrion,unknown,ambiguous,Coenagrion,Coenagrion ornatum;Coenagrion puella,Coenagrion puella,-0.0114,False,True,False,False,Coenagrion ornatum,0.273,True,True,True,False,Coenagrion puella,-0.0128,False,True,False,False,Coenagrion ornatum,0.5718,False,True,False,False
AODON365-20,Coenagrion pulchellum,Coenagrion,unknown,ambiguous,Coenagrion,Coenagrion ornatum;Coenagrion puella,Coenagrion puella,-0.0132,True,True,True,False,Coenagrion ornatum,0.2286,True,True,True,True,Coenagrion puella,-0.0146,True,True,True,False,Coenagrion ornatum,0.6006,False,True,False,False
AODON364-20,Coenagrion pulchellum,Coenagrion,unknown,ambiguous,Coenagrion,Coenagrion ornatum;Coenagrion puella,Coenagrion puella,-0.0112,False,True,False,False,Coenagrion ornatum,0.2771,True,True,True,False,Coenagrion puella,-0.0125,False,True,False,False,Coenagrion ornatum,0.5648,False,True,False,False
ZPLOD252-20,Coenagrion pulchellum,Coenagrion,unknown,ambiguous,Coenagrion,Coenagrion ornatum;Coenagrion puella,Coenagrion puella,-0.0092,False,False,False,False,Coenagrion ornatum,0.782,False,False,False,False,Coenagrion puella,-0.0106,False,False,False,False,Coenagrion ornatum,0.8129,False,False,False,False
LEFIJ5908-17,Coenagrion pulchellum,Coenagrion,unknown,ambiguous,Coenagrion,Coenagrion ornatum;Coenagrion puella,Coenagrion puella,-0.009,False,False,False,False,Coenagrion puella,0.5619,False,True,False,False,Coenagrion puella,-0.0099,False,False,False,False,Coenagrion puella,0.7155,False,False,False,False
ODTRI008-14,Coenagrion pulchellum,Coenagrion,unknown,Coenagrion puella,Coenagrion,Coenagrion puella,Coenagrion puella,-0.0106,False,True,False,False,Coenagrion puella,0.4894,True,True,True,False,Coenagrion puella,-0.0121,False,True,False,False,Coenagrion puella,0.5792,False,True,False,False
GBEPT903-14,Coenagrion pulchellum,Coenagrion,unknown,ambiguous,Coenagrion,Coenagrion ornatum;Coenagrion puella,Coenagrion puella,-0.0114,False,True,False,False,Coenagrion ornatum,0.2806,True,True,True,False,Coenagrion puella,-0.013,True,True,True,False,Coenagrion ornatum,0.5683,False,True,False,False
AODON938-22,Coenagrion pulchellum,Coenagrion,unknown,ambiguous,Coenagrion,Coenagrion ornatum;Coenagrion puella,Coenagrion puella,-0.0129,True,True,True,False,Coenagrion mercuriale,0.234,True,True,True,True,Coenagrion puella,-0.0146,True,True,True,False,Coenagrion ornatum,0.4587,True,True,True,False
ODOBP3586-16,Coenagrion pulchellum,Coenagrion,unknown,Coenagrion puella,Coenagrion,Coenagrion puella,Coenagrion puella,-0.0051,False,False,False,False,Coenagrion puella,0.7742,False,False,False,False,Coenagrion puella,-0.0055,False,False,False,False,Coenagrion puella,0.7429,False,False,False,False
LEFIJ7807-18,Coenagrion pulchellum,Coenagrion,unknown,Coenagrion puella,Coenagrion,Coenagrion puella,Coenagrion puella,-0.0076,False,False,False,False,Coenagrion puella,0.5307,False,True,False,False,Coenagrion puella,-0.0086,False,False,False,False,Coenagrion puella,0.6491,False,True,False,False
ZPLOD256-20,Coenagrion pulchellum,Coenagrion,unknown,ambiguous,Coenagrion,Coenagrion ornatum;Coenagrion puella,Coenagrion puella,-0.0048,False,False,False,False,Coenagrion ornatum,0.8109,False,False,False,False,Coenagrion puella,-0.0053,False,False,False,False,Coenagrion ornatum,0.8507,False,False,False,False
AODON005-20,Coenagrion pulchellum,Coenagrion,unknown,ambiguous,Coenagrion,Coenagrion ornatum;Coenagrion puella,Coenagrion puella,-0.0124,True,True,True,False,Coenagrion ornatum,0.2495,True,True,True,False,Coenagrion puella,-0.014,True,True,True,False,Coenagrion ornatum,0.566,False,True,False,False
LEFIJ15498-21,Coenagrion pulchellum,Coenagrion,unknown,Coenagrion ornatum,Coenagrion,Coenagrion ornatum,Coenagrion puella,-0.0053,False,False,False,False,Coenagrion ornatum,0.5254,False,True,False,False,Coenagrion ornatum,-0.0061,False,False,False,False,Coenagrion puella,0.493,True,True,True,False
AODON666-20,Coenagrion pulchellum,Coenagrion,unknown,ambiguous,Coenagrion,Coenagrion ornatum;Coenagrion puella,Coenagrion puella,-0.0138,True,True,True,False,Coenagrion ornatum,0.2409,True,True,True,True,Coenagrion puella,-0.016,True,True,True,False,Coenagrion ornatum,0.4765,True,True,True,False
DTNHM8462-23,Coenagrion pulchellum,Coenagrion,unknown,ambiguous,Coenagrion,Coenagrion ornatum;Coenagrion puella,Coenagrion puella,-0.0043,False,False,False,False,Coenagrion ornatum,0.6895,False,False,False,False,Coenagrion puella,-0.0053,False,False,False,False,Coenagrion ornatum,0.8528,False,False,False,False
PLSW019-20,Coenagrion pulchellum,Coenagrion,unknown,ambiguous,Coenagrion,Coenagrion ornatum;Coenagrion puella,Coenagrion puella,-0.0108,False,True,False,False,Coenagrion ornatum,0.2702,True,True,True,False,Coenagrion puella,-0.013,True,True,True,False,Coenagrion ornatum,0.5712,False,True,False,False
AODON398-20,Coenagrion pulchellum,Coenagrion,unknown,ambiguous,Coenagrion,Coenagrion ornatum;Coenagrion puella,Coenagrion puella,-0.0126,True,True,True,False,Coenagrion ornatum,0.2574,True,True,True,False,Coenagrion puella,-0.014,True,True,True,False,Coenagrion ornatum,0.5575,True,True,True,False
BGEPL3245-25,Coenagrion pulchellum,Coenagrion,unknown,Coenagrion puella,Coenagrion,Coenagrion puella,Coenagrion puella,-0.0048,False,False,False,False,Coenagrion ornatum,0.6613,False,False,False,False,Coenagrion puella,-0.0053,False,False,False,False,Coenagrion ornatum,0.8086,False,False,False,False
AODON883-22,Coenagrion pulchellum,Coenagrion,unknown,Coenagrion puella,Coenagrion,Coenagrion puella,Coenagrion puella,-0.0015,False,False,False,False,Coenagrion puella,0.7993,False,False,False,False,Coenagrion puella,-0.0015,False,False,False,False,Coenagrion puella,0.7999,False,False,False,False
GBABA1023-26,Coenagrion pulchellum,Coenagrion,unknown,Coenagrion puella,Coenagrion,Coenagrion puella,Coenagrion puella,-0.0015,False,False,False,False,Coenagrion puella,0.7985,False,False,False,False,Coenagrion puella,-0.0015,False,False,False,False,Coenagrion puella,0.7884,False,False,False,False
AODON390-20,Coenagrion pulchellum,Coenagrion,unknown,Coenagrion puella,Coenagrion,Coenagrion puella,Coenagrion puella,-0.0055,False,False,False,False,Coenagrion puella,0.8656,False,False,False,False,Coenagrion puella,-0.0055,False,False,False,False,Coenagrion puella,0.9225,False,False,False,False
AODON856-22,Coenagrion pulchellum,Coenagrion,unknown,Coenagrion puella,Coenagrion,Coenagrion puella,Coenagrion puella,-0.0,False,False,False,False,Coenagrion puella,0.8436,False,False,False,False,Coenagrion puella,-0.0,False,False,False,False,Coenagrion puella,0.8421,False,False,False,False
ODTRI009-14,Coenagrion pulchellum,Coenagrion,unknown,Coenagrion puella,Coenagrion,Coenagrion puella,Coenagrion puella,-0.0061,False,False,False,False,Coenagrion ornatum,0.4419,True,True,True,False,Coenagrion puella,-0.0075,False,False,False,False,Coenagrion ornatum,0.5435,True,True,True,False
KURS023-21,Coenagrion pulchellum,Coenagrion,unknown,Coenagrion puella,Coenagrion,Coenagrion puella,Coenagrion puella,-0.0122,True,True,True,False,Coenagrion puella,0.4442,True,True,True,False,Coenagrion puella,-0.0123,False,True,False,False,Coenagrion puella,0.5842,False,True,False,False
GBODO188-18,Coenagrion pulchellum,Coenagrion,unknown,ambiguous,Coenagrion,Coenagrion ornatum;Coenagrion puella,Coenagrion puella,-0.0053,False,False,False,False,Coenagrion puella,0.6308,False,False,False,False,Coenagrion puella,-0.0051,False,False,False,False,Coenagrion puella,0.7231,False,False,False,False
GBODO157-18,Coenagrion pulchellum,Coenagrion,unknown,Coenagrion puella,Coenagrion,Coenagrion puella,Coenagrion puella,-0.0037,False,False,False,False,Coenagrion ornatum,0.8647,False,False,False,False,Coenagrion puella,-0.0053,False,False,False,False,Coenagrion ornatum,0.8648,False,False,False,False
AODON009-20,Coenagrion pulchellum,Coenagrion,unknown,ambiguous,Coenagrion,Coenagrion ornatum;Coenagrion puella,Coenagrion puella,-0.0,False,False,False,False,Coenagrion ornatum,0.9082,False,False,False,False,Coenagrion ornatum,-0.0,False,False,False,False,Coenagrion ornatum,0.9082,False,False,False,False
ZPLOD266-20,Coenagrion scitulum,Coenagrion,known,Coenagrion scitulum,Coenagrion,Coenagrion scitulum,Coenagrion scitulum,-0.0057,False,False,False,False,Coenagrion scitulum,0.87,False,False,False,False,Coenagrion scitulum,-0.0075,False,False,False,False,Coenagrion scitulum,0.918,False,False,False,False
ZPLOD275-20,Coenagrion scitulum,Coenagrion,known,Coenagrion scitulum,Coenagrion,Coenagrion scitulum,Coenagrion scitulum,-0.0043,False,False,False,False,Coenagrion scitulum,0.95,False,False,False,False,Coenagrion scitulum,-0.0053,False,False,False,False,Coenagrion scitulum,0.958,False,False,False,False
AODON180-20,Coenagrion scitulum,Coenagrion,known,Coenagrion scitulum,Coenagrion,Coenagrion scitulum,Coenagrion scitulum,-0.0021,False,False,False,False,Coenagrion scitulum,0.988,False,False,False,False,Coenagrion scitulum,-0.0022,False,False,False,False,Coenagrion scitulum,0.988,False,False,False,False
AODON373-20,Crocothemis erythraea,Crocothemis,known,Crocothemis erythraea,Crocothemis,Crocothemis erythraea,Crocothemis erythraea,-0.0061,False,False,False,False,Crocothemis erythraea,0.91,False,False,False,False,Crocothemis erythraea,-0.0075,False,False,False,False,Crocothemis erythraea,0.97,False,False,False,False
TRSKA2101-20,Crocothemis erythraea,Crocothemis,known,Crocothemis erythraea,Crocothemis,Crocothemis erythraea,Crocothemis erythraea,-0.0026,False,False,False,False,Crocothemis erythraea,0.99,False,False,False,False,Crocothemis erythraea,-0.0027,False,False,False,False,Crocothemis erythraea,0.974,False,False,False,False
AODON275-20,Crocothemis erythraea,Crocothemis,known,Crocothemis erythraea,Crocothemis,Crocothemis erythraea,Crocothemis erythraea,-0.0072,False,False,False,False,Crocothemis erythraea,0.854,False,False,False,False,Crocothemis erythraea,-0.0092,False,False,False,False,Crocothemis erythraea,0.914,False,False,False,False
GODO042-19,Crocothemis erythraea,Crocothemis,known,Crocothemis erythraea,Crocothemis,Crocothemis erythraea,Crocothemis erythraea,-0.0082,False,False,False,False,Crocothemis erythraea,0.788,False,False,False,False,Crocothemis erythraea,-0.0101,False,False,False,False,Crocothemis erythraea,0.856,False,False,False,False
FBAQU312-09,Crocothemis erythraea,Crocothemis,known,Crocothemis erythraea,Crocothemis,Crocothemis erythraea,Crocothemis erythraea,-0.0043,False,False,False,False,Crocothemis erythraea,0.93,False,False,False,False,Crocothemis erythraea,-0.0053,False,False,False,False,Crocothemis erythraea,0.99,False,False,False,False
AODON371-20,Crocothemis erythraea,Crocothemis,known,Crocothemis erythraea,Crocothemis,Crocothemis erythraea,Crocothemis erythraea,-0.0061,False,False,False,False,Crocothemis erythraea,0.922,False,False,False,False,Crocothemis erythraea,-0.0075,False,False,False,False,Crocothemis erythraea,0.966,False,False,False,False
AODON097-20,Crocothemis erythraea,Crocothemis,known,Crocothemis erythraea,Crocothemis,Crocothemis erythraea,Crocothemis erythraea,-0.0046,False,False,False,False,Crocothemis erythraea,0.948,False,False,False,False,Crocothemis erythraea,-0.0055,False,False,False,False,Crocothemis erythraea,0.936,False,False,False,False
ZPLOD822-20,Crocothemis erythraea,Crocothemis,known,Crocothemis erythraea,Crocothemis,Crocothemis erythraea,Crocothemis erythraea,-0.0043,False,False,False,False,Crocothemis erythraea,0.976,False,False,False,False,Crocothemis erythraea,-0.0053,False,False,False,False,Crocothemis erythraea,0.98,False,False,False,False
AODON438-20,Enallagma cyathigerum,Enallagma,known,Enallagma cyathigerum,Enallagma,Enallagma cyathigerum,Enallagma cyathigerum,-0.0048,False,False,False,False,Enallagma cyathigerum,0.922,False,False,False,False,Enallagma cyathigerum,-0.0057,False,False,False,False,Enallagma cyathigerum,0.924,False,False,False,False
GBODO040-18,Enallagma cyathigerum,Enallagma,known,Enallagma cyathigerum,Enallagma,Enallagma cyathigerum,Enallagma cyathigerum,-0.0031,False,False,False,False,Enallagma cyathigerum,0.93,False,False,False,False,Enallagma cyathigerum,-0.0038,False,False,False,False,Enallagma cyathigerum,0.962,False,False,False,False
DTNHM5531-23,Enallagma cyathigerum,Enallagma,known,Enallagma cyathigerum,Enallagma,Enallagma cyathigerum,Enallagma cyathigerum,-0.0031,False,False,False,False,Enallagma cyathigerum,0.964,False,False,False,False,Enallagma cyathigerum,-0.0038,False,False,False,False,Enallagma cyathigerum,0.996,False,False,False,False
ODTRI011-14,Enallagma cyathigerum,Enallagma,known,Enallagma cyathigerum,Enallagma,Enallagma cyathigerum,Enallagma cyathigerum,-0.0056,False,False,False,False,Enallagma cyathigerum,0.748,False,False,False,False,Enallagma cyathigerum,-0.005,False,False,False,False,Enallagma cyathigerum,0.938,False,False,False,False
LEFIJ7815-18,Enallagma cyathigerum,Enallagma,known,Enallagma cyathigerum,Enallagma,Enallagma cyathigerum,Enallagma cyathigerum,-0.0015,False,False,False,False,Enallagma cyathigerum,0.974,False,False,False,False,Enallagma cyathigerum,-0.0015,False,False,False,False,Enallagma cyathigerum,1.0,False,False,False,False
LEFIJ15503-21,Enallagma cyathigerum,Enallagma,known,Enallagma cyathigerum,Enallagma,Enallagma cyathigerum,Enallagma cyathigerum,-0.0021,False,False,False,False,Enallagma cyathigerum,0.954,False,False,False,False,Enallagma cyathigerum,-0.0022,False,False,False,False,Enallagma cyathigerum,0.986,False,False,False,False
GBODO096-18,Enallagma cyathigerum,Enallagma,known,Enallagma cyathigerum,Enallagma,Enallagma cyathigerum,Enallagma cyathigerum,-0.0034,False,False,False,False,Enallagma cyathigerum,0.916,False,False,False,False,Enallagma cyathigerum,-0.0041,False,False,False,False,Enallagma cyathigerum,0.942,False,False,False,False
BGEPL3226-25,Enallagma cyathigerum,Enallagma,known,Enallagma cyathigerum,Enallagma,Enallagma cyathigerum,Enallagma cyathigerum,-0.0068,False,False,False,False,Enallagma cyathigerum,0.888,False,False,False,False,Enallagma cyathigerum,-0.0081,False,False,False,False,Enallagma cyathigerum,0.908,False,False,False,False
AODON360-20,Enallagma cyathigerum,Enallagma,known,Enallagma cyathigerum,Enallagma,Enallagma cyathigerum,Enallagma cyathigerum,-0.0112,False,True,False,False,Enallagma cyathigerum,0.778,False,False,False,False,Enallagma cyathigerum,-0.0122,False,True,False,False,Enallagma cyathigerum,0.932,False,False,False,False
AODON937-22,Enallagma cyathigerum,Enallagma,known,Enallagma cyathigerum,Enallagma,Enallagma cyathigerum,Enallagma cyathigerum,-0.0073,False,False,False,False,Enallagma cyathigerum,0.848,False,False,False,False,Enallagma cyathigerum,-0.0087,False,False,False,False,Enallagma cyathigerum,0.874,False,False,False,False
GBODO172-18,Enallagma cyathigerum,Enallagma,known,Enallagma cyathigerum,Enallagma,Enallagma cyathigerum,Enallagma cyathigerum,-0.0043,False,False,False,False,Enallagma cyathigerum,0.984,False,False,False,False,Enallagma cyathigerum,-0.0053,False,False,False,False,Enallagma cyathigerum,0.994,False,False,False,False
BGEPL3233-25,Enallagma cyathigerum,Enallagma,known,Enallagma cyathigerum,Enallagma,Enallagma cyathigerum,Enallagma cyathigerum,-0.0021,False,False,False,False,Enallagma cyathigerum,0.924,False,False,False,False,Enallagma cyathigerum,-0.0022,False,False,False,False,Enallagma cyathigerum,0.982,False,False,False,False
BGEPL3243-25,Enallagma cyathigerum,Enallagma,known,Enallagma cyathigerum,Enallagma,Enallagma cyathigerum,Enallagma cyathigerum,-0.0061,False,False,False,False,Enallagma cyathigerum,0.89,False,False,False,False,Enallagma cyathigerum,-0.0075,False,False,False,False,Enallagma cyathigerum,0.952,False,False,False,False
FBAQU015-09,Enallagma cyathigerum,Enallagma,known,Enallagma cyathigerum,Enallagma,Enallagma cyathigerum,Enallagma cyathigerum,-0.0016,False,False,False,False,Enallagma cyathigerum,0.982,False,False,False,False,Enallagma cyathigerum,-0.0016,False,False,False,False,Enallagma cyathigerum,0.988,False,False,False,False
AODON384-20,Enallagma cyathigerum,Enallagma,known,Enallagma cyathigerum,Enallagma,Enallagma cyathigerum,Enallagma cyathigerum,-0.0055,False,False,False,False,Enallagma cyathigerum,0.96,False,False,False,False,Enallagma cyathigerum,-0.0072,False,False,False,False,Enallagma cyathigerum,0.98,False,False,False,False
BGEPL3207-25,Enallagma cyathigerum,Enallagma,known,Enallagma cyathigerum,Enallagma,Enallagma cyathigerum,Enallagma cyathigerum,-0.0065,False,False,False,False,Enallagma cyathigerum,0.896,False,False,False,False,Enallagma cyathigerum,-0.0078,False,False,False,False,Enallagma cyathigerum,0.964,False,False,False,False
ODOBP5490-16,Erythromma lindenii,Erythromma,unknown,ambiguous,Erythromma,Erythromma najas;Erythromma viridulum,Erythromma najas,-0.0347,True,True,True,True,Erythromma najas,0.106,True,True,True,True,Erythromma najas,-0.0421,True,True,True,True,Erythromma viridulum,0.078,True,True,True,True
ZPLOD365-20,Erythromma lindenii,Erythromma,unknown,ambiguous,Erythromma,Erythromma najas;Erythromma viridulum,Erythromma najas,-0.0374,True,True,True,True,Erythromma viridulum,0.094,True,True,True,True,Erythromma najas,-0.043,True,True,True,True,Coenagrion johanssoni,0.122,True,True,True,True
TRSKA2777-20,Erythromma lindenii,Erythromma,unknown,ambiguous,Erythromma,Erythromma najas;Erythromma viridulum,Erythromma najas,-0.0385,True,True,True,True,Erythromma viridulum,0.108,True,True,True,True,Erythromma najas,-0.0421,True,True,True,True,Coenagrion johanssoni,0.116,True,True,True,True
TRSKA2050-20,Erythromma lindenii,Erythromma,unknown,ambiguous,Erythromma,Erythromma najas;Erythromma viridulum,Erythromma najas,-0.0384,True,True,True,True,Erythromma viridulum,0.106,True,True,True,True,Erythromma najas,-0.0421,True,True,True,True,Coenagrion johanssoni,0.114,True,True,True,True
TRSKA2727-20,Erythromma lindenii,Erythromma,unknown,ambiguous,Erythromma,Erythromma najas;Erythromma viridulum,Erythromma najas,-0.038,True,True,True,True,Erythromma viridulum,0.106,True,True,True,True,Erythromma najas,-0.0421,True,True,True,True,Coenagrion johanssoni,0.12,True,True,True,True
ZPLOD394-20,Erythromma lindenii,Erythromma,unknown,ambiguous,Erythromma,Erythromma najas;Erythromma viridulum,Erythromma najas,-0.035,True,True,True,True,Enallagma cyathigerum,0.094,True,True,True,True,Erythromma najas,-0.0419,True,True,True,True,Erythromma viridulum,0.076,True,True,True,True
ZPLOD387-20,Erythromma lindenii,Erythromma,unknown,ambiguous,Erythromma,Erythromma najas;Erythromma viridulum,Erythromma najas,-0.0347,True,True,True,True,Enallagma cyathigerum,0.096,True,True,True,True,Erythromma najas,-0.0413,True,True,True,True,Coenagrion caerulescens,0.08,True,True,True,True
ZPLOD367-20,Erythromma lindenii,Erythromma,unknown,ambiguous,Erythromma,Erythromma najas;Erythromma viridulum,Erythromma najas,-0.0375,True,True,True,True,Erythromma viridulum,0.094,True,True,True,True,Erythromma najas,-0.0431,True,True,True,True,Coenagrion johanssoni,0.122,True,True,True,True
ZPLOD358-20,Erythromma lindenii,Erythromma,unknown,ambiguous,Erythromma,Erythromma najas;Erythromma viridulum,Erythromma najas,-0.0332,True,True,True,True,Erythromma najas,0.12,True,True,True,True,Erythromma najas,-0.0416,True,True,True,True,Coenagrion caerulescens,0.074,True,True,True,True
TRSKA2725-20,Erythromma lindenii,Erythromma,unknown,ambiguous,Erythromma,Erythromma najas;Erythromma viridulum,Erythromma najas,-0.0385,True,True,True,True,Erythromma viridulum,0.106,True,True,True,True,Erythromma najas,-0.0422,True,True,True,True,Coenagrion johanssoni,0.112,True,True,True,True
TRSKA2053-20,Erythromma lindenii,Erythromma,unknown,ambiguous,Erythromma,Erythromma najas;Erythromma viridulum,Erythromma najas,-0.0382,True,True,True,True,Erythromma viridulum,0.102,True,True,True,True,Erythromma najas,-0.0434,True,True,True,True,Coenagrion johanssoni,0.122,True,True,True,True
TRSKA2054-20,Erythromma lindenii,Erythromma,unknown,ambiguous,Erythromma,Erythromma najas;Erythromma viridulum,Erythromma najas,-0.0375,True,True,True,True,Erythromma viridulum,0.104,True,True,True,True,Erythromma najas,-0.0429,True,True,True,True,Coenagrion johanssoni,0.126,True,True,True,True
TRSKA2614-20,Erythromma lindenii,Erythromma,unknown,ambiguous,Erythromma,Erythromma najas;Erythromma viridulum,Erythromma najas,-0.0378,True,True,True,True,Erythromma viridulum,0.1,True,True,True,True,Erythromma najas,-0.0431,True,True,True,True,Coenagrion johanssoni,0.114,True,True,True,True
TRSKA2664-20,Erythromma lindenii,Erythromma,unknown,ambiguous,Erythromma,Erythromma najas;Erythromma viridulum,Erythromma najas,-0.0377,True,True,True,True,Erythromma viridulum,0.1,True,True,True,True,Erythromma najas,-0.0432,True,True,True,True,Coenagrion johanssoni,0.104,True,True,True,True
ODOBP3575-16,Erythromma lindenii,Erythromma,unknown,ambiguous,Erythromma,Erythromma najas;Erythromma viridulum,Erythromma najas,-0.0343,True,True,True,True,Erythromma najas,0.108,True,True,True,True,Erythromma najas,-0.0412,True,True,True,True,Erythromma viridulum,0.084,True,True,True,True
AODON773-20,Erythromma lindenii,Erythromma,unknown,ambiguous,Erythromma,Erythromma najas;Erythromma viridulum,Erythromma najas,-0.0349,True,True,True,True,Erythromma najas,0.098,True,True,True,True,Erythromma najas,-0.0412,True,True,True,True,Coenagrion caerulescens,0.08,True,True,True,True
TRSKA2010-20,Erythromma lindenii,Erythromma,unknown,ambiguous,Erythromma,Erythromma najas;Erythromma viridulum,Erythromma najas,-0.0376,True,True,True,True,Erythromma viridulum,0.1,True,True,True,True,Erythromma najas,-0.0429,True,True,True,True,Coenagrion johanssoni,0.118,True,True,True,True
TRSKA2810-20,Erythromma lindenii,Erythromma,unknown,ambiguous,Erythromma,Erythromma najas;Erythromma viridulum,Erythromma najas,-0.0383,True,True,True,True,Erythromma viridulum,0.1,True,True,True,True,Erythromma najas,-0.0434,True,True,True,True,Coenagrion johanssoni,0.12,True,True,True,True
TRSKA2757-20,Erythromma lindenii,Erythromma,unknown,ambiguous,Erythromma,Erythromma najas;Erythromma viridulum,Erythromma najas,-0.0384,True,True,True,True,Erythromma viridulum,0.102,True,True,True,True,Erythromma najas,-0.0434,True,True,True,True,Coenagrion johanssoni,0.122,True,True,True,True
ZPLOD366-20,Erythromma lindenii,Erythromma,unknown,ambiguous,Erythromma,Erythromma najas;Erythromma viridulum,Erythromma najas,-0.0371,True,True,True,True,Erythromma viridulum,0.096,True,True,True,True,Erythromma najas,-0.0428,True,True,True,True,Coenagrion johanssoni,0.128,True,True,True,True
TRSKA2008-20,Erythromma lindenii,Erythromma,unknown,ambiguous,Erythromma,Erythromma najas;Erythromma viridulum,Erythromma najas,-0.0384,True,True,True,True,Erythromma viridulum,0.1,True,True,True,True,Erythromma najas,-0.0435,True,True,True,True,Coenagrion johanssoni,0.114,True,True,True,True
ZPLOD823-20,Erythromma lindenii,Erythromma,unknown,ambiguous,Erythromma,Erythromma najas;Erythromma viridulum,Erythromma najas,-0.0378,True,True,True,True,Erythromma viridulum,0.096,True,True,True,True,Erythromma najas,-0.0433,True,True,True,True,Coenagrion johanssoni,0.126,True,True,True,True
ZPLOD399-20,Erythromma lindenii,Erythromma,unknown,ambiguous,Erythromma,Erythromma najas;Erythromma viridulum,Erythromma najas,-0.0345,True,True,True,True,Erythromma najas,0.106,True,True,True,True,Erythromma najas,-0.0418,True,True,True,True,Erythromma viridulum,0.078,True,True,True,True
GBAAW63064-24,Erythromma lindenii,Erythromma,unknown,ambiguous,Erythromma,Erythromma najas;Erythromma viridulum,Erythromma najas,-0.0366,True,True,True,True,Erythromma najas,0.096,True,True,True,True,Erythromma najas,-0.0434,True,True,True,True,Erythromma viridulum,0.074,True,True,True,True
ODOBP3573-16,Erythromma lindenii,Erythromma,unknown,ambiguous,Erythromma,Erythromma najas;Erythromma viridulum,Erythromma najas,-0.0344,True,True,True,True,Erythromma najas,0.102,True,True,True,True,Erythromma najas,-0.0415,True,True,True,True,Erythromma viridulum,0.078,True,True,True,True
GBMHO3409-19,Erythromma lindenii,Erythromma,unknown,ambiguous,Erythromma,Erythromma najas;Erythromma viridulum,Erythromma najas,-0.036,True,True,True,True,Erythromma najas,0.104,True,True,True,True,Erythromma najas,-0.0429,True,True,True,True,Erythromma viridulum,0.07,True,True,True,True
GBMND63119-21,Erythromma lindenii,Erythromma,unknown,ambiguous,Erythromma,Erythromma najas;Erythromma viridulum,Erythromma najas,-0.0343,True,True,True,True,Erythromma najas,0.112,True,True,True,True,Erythromma najas,-0.0418,True,True,True,True,Erythromma viridulum,0.078,True,True,True,True
TRSKA2728-20,Erythromma lindenii,Erythromma,unknown,ambiguous,Erythromma,Erythromma najas;Erythromma viridulum,Erythromma najas,-0.0379,True,True,True,True,Erythromma viridulum,0.092,True,True,True,True,Erythromma najas,-0.043,True,True,True,True,Coenagrion johanssoni,0.126,True,True,True,True
ZPLOD392-20,Erythromma lindenii,Erythromma,unknown,ambiguous,Erythromma,Erythromma najas;Erythromma viridulum,Erythromma najas,-0.0343,True,True,True,True,Erythromma najas,0.104,True,True,True,True,Erythromma najas,-0.0419,True,True,True,True,Erythromma viridulum,0.078,True,True,True,True
TRSKA2051-20,Erythromma lindenii,Erythromma,unknown,ambiguous,Erythromma,Erythromma najas;Erythromma viridulum,Erythromma najas,-0.038,True,True,True,True,Erythromma viridulum,0.106,True,True,True,True,Erythromma najas,-0.0432,True,True,True,True,Erythromma najas,0.072,True,True,True,True
TRSKA2006-20,Erythromma lindenii,Erythromma,unknown,ambiguous,Erythromma,Erythromma najas;Erythromma viridulum,Erythromma najas,-0.0383,True,True,True,True,Erythromma viridulum,0.1,True,True,True,True,Erythromma najas,-0.0435,True,True,True,True,Coenagrion johanssoni,0.118,True,True,True,True
ZPLOD380-20,Erythromma lindenii,Erythromma,unknown,ambiguous,Erythromma,Erythromma najas;Erythromma viridulum,Erythromma najas,-0.0378,True,True,True,True,Erythromma viridulum,0.096,True,True,True,True,Erythromma najas,-0.0433,True,True,True,True,Coenagrion johanssoni,0.128,True,True,True,True
TRSKA2724-20,Erythromma lindenii,Erythromma,unknown,ambiguous,Erythromma,Erythromma najas;Erythromma viridulum,Erythromma najas,-0.038,True,True,True,True,Erythromma viridulum,0.1,True,True,True,True,Erythromma najas,-0.0434,True,True,True,True,Coenagrion johanssoni,0.118,True,True,True,True
AODON441-20,Erythromma lindenii,Erythromma,unknown,ambiguous,Erythromma,Erythromma najas;Erythromma viridulum,Erythromma najas,-0.0341,True,True,True,True,Erythromma najas,0.112,True,True,True,True,Erythromma najas,-0.0417,True,True,True,True,Erythromma viridulum,0.078,True,True,True,True
TRSKA2661-20,Erythromma lindenii,Erythromma,unknown,ambiguous,Erythromma,Erythromma najas;Erythromma viridulum,Erythromma najas,-0.038,True,True,True,True,Erythromma viridulum,0.098,True,True,True,True,Erythromma najas,-0.0435,True,True,True,True,Coenagrion johanssoni,0.114,True,True,True,True
ZPLOD385-20,Erythromma lindenii,Erythromma,unknown,ambiguous,Erythromma,Erythromma najas;Erythromma viridulum,Erythromma najas,-0.0368,True,True,True,True,Erythromma viridulum,0.096,True,True,True,True,Erythromma najas,-0.0433,True,True,True,True,Coenagrion johanssoni,0.128,True,True,True,True
ZPLOD383-20,Erythromma lindenii,Erythromma,unknown,ambiguous,Erythromma,Erythromma najas;Erythromma viridulum,Erythromma najas,-0.0337,True,True,True,True,Erythromma najas,0.102,True,True,True,True,Erythromma najas,-0.0415,True,True,True,True,Erythromma viridulum,0.086,True,True,True,True
TRSKA2778-20,Erythromma lindenii,Erythromma,unknown,ambiguous,Erythromma,Erythromma najas;Erythromma viridulum,Erythromma najas,-0.0384,True,True,True,True,Erythromma viridulum,0.106,True,True,True,True,Erythromma najas,-0.0421,True,True,True,True,Coenagrion johanssoni,0.12,True,True,True,True
ZPLOD379-20,Erythromma lindenii,Erythromma,unknown,ambiguous,Erythromma,Erythromma najas;Erythromma viridulum,Erythromma najas,-0.0343,True,True,True,True,Erythromma najas,0.106,True,True,True,True,Erythromma najas,-0.0415,True,True,True,True,Erythromma viridulum,0.084,True,True,True,True
AODON926-22,Erythromma lindenii,Erythromma,unknown,ambiguous,Erythromma,Erythromma najas;Erythromma viridulum,Erythromma najas,-0.0339,True,True,True,True,Erythromma najas,0.106,True,True,True,True,Erythromma najas,-0.0415,True,True,True,True,Erythromma viridulum,0.078,True,True,True,True
ZPLOD378-20,Erythromma lindenii,Erythromma,unknown,ambiguous,Erythromma,Erythromma najas;Erythromma viridulum,Erythromma najas,-0.0345,True,True,True,True,Erythromma najas,0.098,True,True,True,True,Erythromma najas,-0.0417,True,True,True,True,Erythromma viridulum,0.076,True,True,True,True
FBAQU491-10,Erythromma lindenii,Erythromma,unknown,ambiguous,Erythromma,Erythromma najas;Erythromma viridulum,Erythromma najas,-0.0348,True,True,True,True,Enallagma cyathigerum,0.08,True,True,True,True,Erythromma najas,-0.0424,True,True,True,True,Erythromma viridulum,0.076,True,True,True,True
AODON730-20,Erythromma lindenii,Erythromma,unknown,ambiguous,Erythromma,Erythromma najas;Erythromma viridulum,Erythromma najas,-0.034,True,True,True,True,Erythromma najas,0.11,True,True,True,True,Erythromma najas,-0.0418,True,True,True,True,Erythromma viridulum,0.078,True,True,True,True
TRSKA2770-20,Erythromma lindenii,Erythromma,unknown,ambiguous,Erythromma,Erythromma najas;Erythromma viridulum,Erythromma najas,-0.0383,True,True,True,True,Erythromma viridulum,0.108,True,True,True,True,Erythromma najas,-0.0422,True,True,True,True,Coenagrion johanssoni,0.116,True,True,True,True
BARCO010-14,Erythromma najas,Erythromma,known,Erythromma najas,Erythromma,Erythromma najas,Erythromma najas,-0.0051,False,False,False,False,Erythromma najas,0.902,False,False,False,False,Erythromma najas,-0.0059,False,False,False,False,Erythromma najas,0.938,False,False,False,False
ZPLOD407-20,Erythromma najas,Erythromma,known,Erythromma najas,Erythromma,Erythromma najas,Erythromma najas,-0.0056,False,False,False,False,Erythromma najas,0.922,False,False,False,False,Erythromma najas,-0.0059,False,False,False,False,Erythromma najas,0.914,False,False,False,False
GBMH3434-07,Erythromma najas,Erythromma,known,Erythromma najas,Erythromma,Erythromma najas,Erythromma najas,-0.0061,False,False,False,False,Erythromma najas,0.964,False,False,False,False,Erythromma najas,-0.007,False,False,False,False,Erythromma najas,0.956,False,False,False,False
GBMH3363-07,Erythromma najas,Erythromma,known,Erythromma najas,Erythromma,Erythromma najas,Erythromma najas,-0.0033,False,False,False,False,Erythromma najas,0.95,False,False,False,False,Erythromma najas,-0.004,False,False,False,False,Erythromma najas,0.998,False,False,False,False
AODON516-20,Erythromma najas,Erythromma,known,Erythromma najas,Erythromma,Erythromma najas,Erythromma najas,-0.0067,False,False,False,False,Erythromma najas,0.85,False,False,False,False,Erythromma najas,-0.0064,False,False,False,False,Erythromma najas,0.902,False,False,False,False
AODON076-20,Erythromma najas,Erythromma,known,Erythromma najas,Erythromma,Erythromma najas,Erythromma najas,-0.0027,False,False,False,False,Erythromma najas,0.936,False,False,False,False,Erythromma najas,-0.0027,False,False,False,False,Erythromma najas,0.948,False,False,False,False
ODOPL030-19,Erythromma najas,Erythromma,known,Erythromma najas,Erythromma,Erythromma najas,Erythromma najas,-0.0039,False,False,False,False,Erythromma najas,0.924,False,False,False,False,Erythromma najas,-0.0032,False,False,False,False,Erythromma najas,0.986,False,False,False,False
GBMH3376-07,Erythromma najas,Erythromma,known,Erythromma najas,Erythromma,Erythromma najas,Erythromma najas,-0.0052,False,False,False,False,Erythromma najas,0.916,False,False,False,False,Erythromma najas,-0.007,False,False,False,False,Erythromma najas,0.876,False,False,False,False
GBMH3396-07,Erythromma najas,Erythromma,known,Erythromma najas,Erythromma,Erythromma najas,Erythromma najas,-0.0028,False,False,False,False,Erythromma najas,0.982,False,False,False,False,Erythromma najas,-0.0028,False,False,False,False,Erythromma najas,0.96,False,False,False,False
DTNHM2303-21,Erythromma najas,Erythromma,known,Erythromma najas,Erythromma,Erythromma najas,Erythromma najas,-0.0041,False,False,False,False,Erythromma najas,0.952,False,False,False,False,Erythromma najas,-0.0038,False,False,False,False,Erythromma najas,0.982,False,False,False,False
GBMH3358-07,Erythromma najas,Erythromma,known,Erythromma najas,Erythromma,Erythromma najas,Erythromma najas,-0.0052,False,False,False,False,Erythromma najas,0.916,False,False,False,False,Erythromma najas,-0.0057,False,False,False,False,Erythromma najas,0.986,False,False,False,False
SHAP981-23,Erythromma najas,Erythromma,known,Erythromma najas,Erythromma,Erythromma najas,Erythromma najas,-0.0031,False,False,False,False,Erythromma najas,0.914,False,False,False,False,Erythromma najas,-0.0031,False,False,False,False,Erythromma najas,0.938,False,False,False,False
AODON495-20,Erythromma najas,Erythromma,known,Erythromma najas,Erythromma,Erythromma najas,Erythromma najas,-0.0072,False,False,False,False,Erythromma najas,0.802,False,False,False,False,Erythromma najas,-0.0076,False,False,False,False,Erythromma najas,0.912,False,False,False,False
AODON093-20,Erythromma viridulum,Erythromma,known,Erythromma viridulum,Erythromma,Erythromma viridulum,Erythromma viridulum,-0.003,False,False,False,False,Erythromma viridulum,0.998,False,False,False,False,Erythromma viridulum,-0.0031,False,False,False,False,Erythromma viridulum,0.996,False,False,False,False
TRSKA2682-20,Erythromma viridulum,Erythromma,known,Erythromma viridulum,Erythromma,Erythromma viridulum,Erythromma viridulum,-0.0046,False,False,False,False,Erythromma viridulum,0.92,False,False,False,False,Erythromma viridulum,-0.0056,False,False,False,False,Erythromma viridulum,0.924,False,False,False,False
TRSKA2683-20,Erythromma viridulum,Erythromma,known,Erythromma viridulum,Erythromma,Erythromma viridulum,Erythromma viridulum,-0.0022,False,False,False,False,Erythromma viridulum,0.886,False,False,False,False,Erythromma viridulum,-0.0022,False,False,False,False,Erythromma viridulum,0.924,False,False,False,False
TRSKA2690-20,Erythromma viridulum,Erythromma,known,Erythromma viridulum,Erythromma,Erythromma viridulum,Erythromma viridulum,-0.0043,False,False,False,False,Erythromma viridulum,0.92,False,False,False,False,Erythromma viridulum,-0.0053,False,False,False,False,Erythromma viridulum,0.922,False,False,False,False
AODON388-20,Erythromma viridulum,Erythromma,known,Erythromma viridulum,Erythromma,Erythromma viridulum,Erythromma viridulum,-0.0061,False,False,False,False,Erythromma viridulum,0.898,False,False,False,False,Erythromma viridulum,-0.0078,False,False,False,False,Erythromma viridulum,0.912,False,False,False,False
AODON386-20,Erythromma viridulum,Erythromma,known,Erythromma viridulum,Erythromma,Erythromma viridulum,Erythromma viridulum,-0.0043,False,False,False,False,Erythromma viridulum,0.922,False,False,False,False,Erythromma viridulum,-0.0053,False,False,False,False,Erythromma viridulum,0.924,False,False,False,False
ZPLOD409-20,Erythromma viridulum,Erythromma,known,Erythromma viridulum,Erythromma,Erythromma viridulum,Erythromma viridulum,-0.0043,False,False,False,False,Erythromma viridulum,0.942,False,False,False,False,Erythromma viridulum,-0.0053,False,False,False,False,Erythromma viridulum,0.952,False,False,False,False
GBMNE32985-21,Erythromma viridulum,Erythromma,known,Erythromma viridulum,Erythromma,Erythromma viridulum,Erythromma viridulum,-0.0079,False,False,False,False,Erythromma viridulum,0.842,False,False,False,False,Erythromma viridulum,-0.0085,False,False,False,False,Erythromma viridulum,0.898,False,False,False,False
ZPLOD419-20,Erythromma viridulum,Erythromma,known,Erythromma viridulum,Erythromma,Erythromma viridulum,Erythromma viridulum,-0.0057,False,False,False,False,Erythromma viridulum,0.884,False,False,False,False,Erythromma viridulum,-0.0078,False,False,False,False,Erythromma viridulum,0.922,False,False,False,False
TRSKA2693-20,Erythromma viridulum,Erythromma,known,Erythromma viridulum,Erythromma,Erythromma viridulum,Erythromma viridulum,-0.0043,False,False,False,False,Erythromma viridulum,0.924,False,False,False,False,Erythromma viridulum,-0.0053,False,False,False,False,Erythromma viridulum,0.938,False,False,False,False
GBODO021-18,Ischnura elegans,Ischnura,unknown,Ischnura genei,Ischnura,Ischnura genei,Ischnura saharensis,-0.0075,False,False,False,False,Ischnura genei,0.71,False,False,False,False,Ischnura saharensis,-0.0087,False,False,False,False,Ischnura genei,0.906,False,False,False,False
GBODO063-18,Ischnura elegans,Ischnura,unknown,Ischnura genei,Ischnura,Ischnura genei,Ischnura saharensis,-0.0075,False,False,False,False,Ischnura genei,0.72,False,False,False,False,Ischnura saharensis,-0.0095,False,False,False,False,Ischnura saharensis,0.738,False,False,False,False
GBUPS193-14,Ischnura elegans,Ischnura,unknown,Ischnura saharensis,Ischnura,Ischnura saharensis,Ischnura saharensis,-0.0099,False,False,False,False,Ischnura genei,0.666,False,False,False,False,Ischnura saharensis,-0.0117,False,True,False,False,Ischnura genei,0.732,False,False,False,False
FBAQU495-10,Ischnura elegans,Ischnura,unknown,Ischnura genei,Ischnura,Ischnura genei,Ischnura saharensis,-0.0139,True,True,True,False,Ischnura saharensis,0.454,True,True,True,False,Ischnura saharensis,-0.0146,True,True,True,False,Ischnura saharensis,0.716,False,False,False,False
GBMHO3410-19,Ischnura elegans,Ischnura,unknown,ambiguous,Ischnura,Ischnura genei;Ischnura saharensis,Ischnura saharensis,-0.0049,False,False,False,False,Ischnura saharensis,0.86,False,False,False,False,Ischnura saharensis,-0.005,False,False,False,False,Ischnura saharensis,0.98,False,False,False,False
ODOPL026-19,Ischnura elegans,Ischnura,unknown,Ischnura saharensis,Ischnura,Ischnura saharensis,Ischnura saharensis,-0.0071,False,False,False,False,Ischnura saharensis,0.944,False,False,False,False,Ischnura saharensis,-0.0071,False,False,False,False,Ischnura saharensis,0.984,False,False,False,False
ODOPL087-19,Ischnura elegans,Ischnura,unknown,ambiguous,Ischnura,Ischnura genei;Ischnura saharensis,Ischnura saharensis,-0.0076,False,False,False,False,Ischnura saharensis,0.892,False,False,False,False,Ischnura saharensis,-0.0083,False,False,False,False,Ischnura saharensis,0.99,False,False,False,False
AODON393-20,Ischnura elegans,Ischnura,unknown,Ischnura genei,Ischnura,Ischnura genei,Ischnura saharensis,-0.0096,False,False,False,False,Ischnura genei,0.65,False,False,False,False,Ischnura saharensis,-0.0106,False,False,False,False,Ischnura genei,0.9,False,False,False,False
ODOPL014-18,Ischnura elegans,Ischnura,unknown,Ischnura saharensis,Ischnura,Ischnura saharensis,Ischnura saharensis,-0.0082,False,False,False,False,Ischnura saharensis,0.914,False,False,False,False,Ischnura saharensis,-0.0083,False,False,False,False,Ischnura saharensis,0.982,False,False,False,False
GBUPS197-14,Ischnura elegans,Ischnura,unknown,Ischnura genei,Ischnura,Ischnura genei,Ischnura saharensis,-0.0123,True,True,True,False,Ischnura genei,0.608,False,False,False,False,Ischnura saharensis,-0.0143,True,True,True,False,Ischnura genei,0.84,False,False,False,False
GBODO061-18,Ischnura elegans,Ischnura,unknown,Ischnura genei,Ischnura,Ischnura genei,Ischnura saharensis,-0.0068,False,False,False,False,Ischnura genei,0.75,False,False,False,False,Ischnura saharensis,-0.0087,False,False,False,False,Ischnura genei,0.91,False,False,False,False
GBMND4311-21,Ischnura elegans,Ischnura,unknown,ambiguous,Ischnura,Ischnura genei;Ischnura saharensis,Ischnura saharensis,-0.0095,False,False,False,False,Ischnura saharensis,0.692,False,False,False,False,Ischnura saharensis,-0.0104,False,False,False,False,Ischnura saharensis,0.944,False,False,False,False
ODOPL061-19,Ischnura elegans,Ischnura,unknown,Ischnura saharensis,Ischnura,Ischnura saharensis,Ischnura saharensis,-0.0074,False,False,False,False,Ischnura saharensis,0.952,False,False,False,False,Ischnura saharensis,-0.0075,False,False,False,False,Ischnura saharensis,0.982,False,False,False,False
ODOPL049-19,Ischnura elegans,Ischnura,unknown,Ischnura genei,Ischnura,Ischnura genei,Ischnura saharensis,-0.0072,False,False,False,False,Ischnura saharensis,0.942,False,False,False,False,Ischnura saharensis,-0.0086,False,False,False,False,Ischnura saharensis,0.986,False,False,False,False
AODON798-20,Ischnura elegans,Ischnura,unknown,ambiguous,Ischnura,Ischnura genei;Ischnura saharensis,Ischnura genei,-0.0065,False,False,False,False,Ischnura genei,0.864,False,False,False,False,Ischnura genei,-0.0078,False,False,False,False,Ischnura genei,0.946,False,False,False,False
AODON199-20,Ischnura elegans,Ischnura,unknown,ambiguous,Ischnura,Ischnura genei;Ischnura saharensis,Ischnura saharensis,-0.0082,False,False,False,False,Ischnura genei,0.676,False,False,False,False,Ischnura saharensis,-0.0097,False,False,False,False,Ischnura genei,0.878,False,False,False,False
ANBIO150-19,Ischnura elegans,Ischnura,unknown,Ischnura genei,Ischnura,Ischnura genei,Ischnura saharensis,-0.0084,False,False,False,False,Ischnura saharensis,0.518,False,True,False,False,Ischnura saharensis,-0.0092,False,False,False,False,Ischnura saharensis,0.788,False,False,False,False
AODON223-20,Ischnura elegans,Ischnura,unknown,ambiguous,Ischnura,Ischnura genei;Ischnura saharensis,Ischnura saharensis,-0.0086,False,False,False,False,Ischnura genei,0.708,False,False,False,False,Ischnura saharensis,-0.0089,False,False,False,False,Ischnura genei,0.92,False,False,False,False
LEFIJ15505-21,Ischnura elegans,Ischnura,unknown,Ischnura genei,Ischnura,Ischnura genei,Ischnura genei,-0.0048,False,False,False,False,Ischnura genei,0.818,False,False,False,False,Ischnura genei,-0.0061,False,False,False,False,Ischnura genei,0.942,False,False,False,False
ODOPL089-19,Ischnura elegans,Ischnura,unknown,Ischnura saharensis,Ischnura,Ischnura saharensis,Ischnura saharensis,-0.0067,False,False,False,False,Ischnura saharensis,0.96,False,False,False,False,Ischnura saharensis,-0.0067,False,False,False,False,Ischnura saharensis,0.986,False,False,False,False
GBUPS206-14,Ischnura elegans,Ischnura,unknown,Ischnura genei,Ischnura,Ischnura genei,Ischnura saharensis,-0.0125,True,True,True,False,Ischnura saharensis,0.638,False,False,False,False,Ischnura saharensis,-0.0137,True,True,True,False,Ischnura saharensis,0.75,False,False,False,False
GBMIX1779-15,Ischnura elegans,Ischnura,unknown,Ischnura genei,Ischnura,Ischnura genei,Ischnura genei,-0.0,False,False,False,False,Ischnura genei,0.998,False,False,False,False,Ischnura genei,-0.0,False,False,False,False,Ischnura genei,1.0,False,False,False,False
LEFIJ15506-21,Ischnura elegans,Ischnura,unknown,ambiguous,Ischnura,Ischnura genei;Ischnura saharensis,Ischnura genei,-0.0081,False,False,False,False,Ischnura genei,0.636,False,False,False,False,Ischnura saharensis,-0.01,False,False,False,False,Ischnura genei,0.858,False,False,False,False
GBCAB37650-24,Ischnura elegans,Ischnura,unknown,Ischnura genei,Ischnura,Ischnura genei,Ischnura saharensis,-0.0074,False,False,False,False,Ischnura genei,0.8,False,False,False,False,Ischnura saharensis,-0.0082,False,False,False,False,Ischnura genei,0.966,False,False,False,False
GBUPS191-14,Ischnura elegans,Ischnura,unknown,Ischnura genei,Ischnura,Ischnura genei,Ischnura saharensis,-0.0094,False,False,False,False,Ischnura genei,0.688,False,False,False,False,Ischnura saharensis,-0.0108,False,False,False,False,Ischnura genei,0.876,False,False,False,False
DTNHM5533-23,Ischnura elegans,Ischnura,unknown,Ischnura genei,Ischnura,Ischnura genei,Ischnura saharensis,-0.012,True,True,True,False,Ischnura saharensis,0.602,False,False,False,False,Ischnura saharensis,-0.0136,True,True,True,False,Ischnura saharensis,0.826,False,False,False,False
LEFIJ5910-17,Ischnura elegans,Ischnura,unknown,Ischnura genei,Ischnura,Ischnura genei,Ischnura genei,-0.0043,False,False,False,False,Ischnura genei,0.998,False,False,False,False,Ischnura genei,-0.0053,False,False,False,False,Ischnura genei,1.0,False,False,False,False
FBAQU172-09,Ischnura elegans,Ischnura,unknown,Ischnura genei,Ischnura,Ischnura genei,Ischnura saharensis,-0.0066,False,False,False,False,Ischnura genei,0.69,False,False,False,False,Ischnura saharensis,-0.0076,False,False,False,False,Ischnura genei,0.916,False,False,False,False
FBAQU535-10,Ischnura elegans,Ischnura,unknown,Ischnura genei,Ischnura,Ischnura genei,Ischnura saharensis,-0.0126,True,True,True,False,Ischnura saharensis,0.588,False,False,False,False,Ischnura saharensis,-0.0133,True,True,True,False,Ischnura saharensis,0.738,False,False,False,False
GBUPS201-14,Ischnura elegans,Ischnura,unknown,Ischnura saharensis,Ischnura,Ischnura saharensis,Ischnura saharensis,-0.0086,False,False,False,False,Ischnura saharensis,0.658,False,False,False,False,Ischnura saharensis,-0.0097,False,False,False,False,Ischnura saharensis,0.836,False,False,False,False
ZPLOD431-20,Ischnura elegans,Ischnura,unknown,Ischnura genei,Ischnura,Ischnura genei,Ischnura saharensis,-0.0081,False,False,False,False,Ischnura genei,0.782,False,False,False,False,Ischnura saharensis,-0.0094,False,False,False,False,Ischnura genei,0.896,False,False,False,False
GBMND4316-21,Ischnura elegans,Ischnura,unknown,ambiguous,Ischnura,Ischnura genei;Ischnura saharensis,Ischnura saharensis,-0.0076,False,False,False,False,Ischnura saharensis,0.816,False,False,False,False,Ischnura saharensis,-0.0085,False,False,False,False,Ischnura saharensis,0.976,False,False,False,False
ANBIO195-19,Ischnura elegans,Ischnura,unknown,ambiguous,Ischnura,Ischnura genei;Ischnura saharensis,Ischnura saharensis,-0.0107,False,True,False,False,Ischnura saharensis,0.572,False,True,False,False,Ischnura saharensis,-0.0107,False,False,False,False,Ischnura saharensis,0.888,False,False,False,False
AODON017-20,Ischnura elegans,Ischnura,unknown,Ischnura genei,Ischnura,Ischnura genei,Ischnura saharensis,-0.0071,False,False,False,False,Ischnura genei,0.752,False,False,False,False,Ischnura saharensis,-0.0081,False,False,False,False,Ischnura genei,0.944,False,False,False,False
ODOPL059-19,Ischnura elegans,Ischnura,unknown,Ischnura genei,Ischnura,Ischnura genei,Ischnura saharensis,-0.0063,False,False,False,False,Ischnura saharensis,0.988,False,False,False,False,Ischnura saharensis,-0.0062,False,False,False,False,Ischnura saharensis,0.998,False,False,False,False
GBUPS195-14,Ischnura elegans,Ischnura,unknown,Ischnura genei,Ischnura,Ischnura genei,Ischnura saharensis,-0.0079,False,False,False,False,Ischnura genei,0.774,False,False,False,False,Ischnura saharensis,-0.0091,False,False,False,False,Ischnura genei,0.926,False,False,False,False
DTNHM5532-23,Ischnura elegans,Ischnura,unknown,Ischnura genei,Ischnura,Ischnura genei,Ischnura saharensis,-0.0075,False,False,False,False,Ischnura genei,0.71,False,False,False,False,Ischnura saharensis,-0.0087,False,False,False,False,Ischnura genei,0.914,False,False,False,False
AODON359-20,Ischnura elegans,Ischnura,unknown,Ischnura genei,Ischnura,Ischnura genei,Ischnura saharensis,-0.012,True,True,True,False,Ischnura genei,0.572,False,True,False,False,Ischnura saharensis,-0.0118,False,True,False,False,Ischnura genei,0.864,False,False,False,False
HMYZ310-23,Ischnura elegans,Ischnura,unknown,Ischnura genei,Ischnura,Ischnura genei,Ischnura saharensis,-0.0119,True,True,True,False,Ischnura genei,0.644,False,False,False,False,Ischnura saharensis,-0.0125,False,True,False,False,Ischnura genei,0.86,False,False,False,False
ODOBP5339-16,Ischnura elegans,Ischnura,unknown,Ischnura genei,Ischnura,Ischnura genei,Ischnura saharensis,-0.0081,False,False,False,False,Ischnura genei,0.812,False,False,False,False,Ischnura saharensis,-0.0094,False,False,False,False,Ischnura genei,0.95,False,False,False,False
ODOPL027-19,Ischnura elegans,Ischnura,unknown,Ischnura genei,Ischnura,Ischnura genei,Ischnura saharensis,-0.0059,False,False,False,False,Ischnura saharensis,0.984,False,False,False,False,Ischnura saharensis,-0.0064,False,False,False,False,Ischnura saharensis,0.998,False,False,False,False
GBUPS202-14,Ischnura elegans,Ischnura,unknown,Ischnura genei,Ischnura,Ischnura genei,Ischnura saharensis,-0.011,False,True,False,False,Ischnura genei,0.678,False,False,False,False,Ischnura saharensis,-0.0139,True,True,True,False,Ischnura genei,0.862,False,False,False,False
ODOPL088-19,Ischnura elegans,Ischnura,unknown,Ischnura saharensis,Ischnura,Ischnura saharensis,Ischnura saharensis,-0.0067,False,False,False,False,Ischnura saharensis,0.962,False,False,False,False,Ischnura saharensis,-0.0067,False,False,False,False,Ischnura saharensis,0.986,False,False,False,False
AODON868-22,Ischnura elegans,Ischnura,unknown,Ischnura genei,Ischnura,Ischnura genei,Ischnura saharensis,-0.007,False,False,False,False,Ischnura genei,0.794,False,False,False,False,Ischnura saharensis,-0.008,False,False,False,False,Ischnura genei,0.952,False,False,False,False
BCAI157-26,Ischnura elegans,Ischnura,unknown,Ischnura genei,Ischnura,Ischnura genei,Ischnura saharensis,-0.0068,False,False,False,False,Ischnura genei,0.842,False,False,False,False,Ischnura saharensis,-0.0078,False,False,False,False,Ischnura genei,0.974,False,False,False,False
ODOPL015-18,Ischnura elegans,Ischnura,unknown,ambiguous,Ischnura,Ischnura genei;Ischnura saharensis,Ischnura saharensis,-0.0092,False,False,False,False,Ischnura saharensis,0.84,False,False,False,False,Ischnura saharensis,-0.0098,False,False,False,False,Ischnura saharensis,0.976,False,False,False,False
GBMND4314-21,Ischnura elegans,Ischnura,unknown,ambiguous,Ischnura,Ischnura genei;Ischnura saharensis,Ischnura saharensis,-0.0101,False,False,False,False,Ischnura saharensis,0.692,False,False,False,False,Ischnura saharensis,-0.0112,False,False,False,False,Ischnura saharensis,0.918,False,False,False,False
ODOPL013-18,Ischnura elegans,Ischnura,unknown,Ischnura saharensis,Ischnura,Ischnura saharensis,Ischnura saharensis,-0.0081,False,False,False,False,Ischnura saharensis,0.912,False,False,False,False,Ischnura saharensis,-0.0081,False,False,False,False,Ischnura saharensis,0.982,False,False,False,False
GBMNA38097-19,Ischnura elegans,Ischnura,unknown,Ischnura genei,Ischnura,Ischnura genei,Ischnura saharensis,-0.0102,False,False,False,False,Ischnura genei,0.68,False,False,False,False,Ischnura saharensis,-0.0102,False,False,False,False,Ischnura genei,0.896,False,False,False,False
GBODO131-18,Ischnura elegans,Ischnura,unknown,Ischnura saharensis,Ischnura,Ischnura saharensis,Ischnura saharensis,-0.0068,False,False,False,False,Ischnura genei,0.652,False,False,False,False,Ischnura saharensis,-0.0075,False,False,False,False,Ischnura genei,0.778,False,False,False,False
BGEPL1697-25,Ischnura elegans,Ischnura,unknown,Ischnura saharensis,Ischnura,Ischnura saharensis,Ischnura saharensis,-0.0074,False,False,False,False,Ischnura genei,0.78,False,False,False,False,Ischnura saharensis,-0.0082,False,False,False,False,Ischnura genei,0.84,False,False,False,False
ODOPL048-19,Ischnura elegans,Ischnura,unknown,Ischnura saharensis,Ischnura,Ischnura saharensis,Ischnura saharensis,-0.0072,False,False,False,False,Ischnura saharensis,0.968,False,False,False,False,Ischnura saharensis,-0.0076,False,False,False,False,Ischnura saharensis,0.986,False,False,False,False
ANBIO203-19,Ischnura elegans,Ischnura,unknown,Ischnura genei,Ischnura,Ischnura genei,Ischnura saharensis,-0.0087,False,False,False,False,Ischnura genei,0.63,False,False,False,False,Ischnura saharensis,-0.0095,False,False,False,False,Ischnura saharensis,0.736,False,False,False,False
AODON916-22,Ischnura elegans,Ischnura,unknown,Ischnura genei,Ischnura,Ischnura genei,Ischnura saharensis,-0.0103,False,False,False,False,Ischnura genei,0.682,False,False,False,False,Ischnura saharensis,-0.0104,False,False,False,False,Ischnura genei,0.898,False,False,False,False
AODON184-20,Ischnura elegans,Ischnura,unknown,Ischnura genei,Ischnura,Ischnura genei,Ischnura saharensis,-0.0076,False,False,False,False,Ischnura genei,0.722,False,False,False,False,Ischnura saharensis,-0.0097,False,False,False,False,Ischnura genei,0.93,False,False,False,False
HMYZ211-23,Ischnura elegans,Ischnura,unknown,Ischnura genei,Ischnura,Ischnura genei,Ischnura saharensis,-0.0115,False,True,False,False,Ischnura genei,0.646,False,False,False,False,Ischnura saharensis,-0.0119,False,True,False,False,Ischnura genei,0.874,False,False,False,False
GBUPS194-14,Ischnura elegans,Ischnura,unknown,Ischnura genei,Ischnura,Ischnura genei,Ischnura saharensis,-0.0098,False,False,False,False,Ischnura genei,0.614,False,False,False,False,Ischnura saharensis,-0.011,False,False,False,False,Ischnura genei,0.88,False,False,False,False
AODON784-20,Ischnura elegans,Ischnura,unknown,ambiguous,Ischnura,Ischnura genei;Ischnura saharensis,Ischnura saharensis,-0.013,True,True,True,False,Ischnura genei,0.524,False,True,False,False,Ischnura saharensis,-0.0146,True,True,True,False,Ischnura genei,0.748,False,False,False,False
GBAAM36860-25,Ischnura elegans,Ischnura,unknown,Ischnura genei,Ischnura,Ischnura genei,Ischnura saharensis,-0.0067,False,False,False,False,Ischnura saharensis,0.958,False,False,False,False,Ischnura saharensis,-0.0072,False,False,False,False,Ischnura saharensis,0.994,False,False,False,False
ODOPL028-19,Ischnura elegans,Ischnura,unknown,Ischnura saharensis,Ischnura,Ischnura saharensis,Ischnura saharensis,-0.0079,False,False,False,False,Ischnura saharensis,0.91,False,False,False,False,Ischnura saharensis,-0.0076,False,False,False,False,Ischnura saharensis,0.98,False,False,False,False
ZPLOD452-20,Ischnura genei,Ischnura,known,Ischnura genei,Ischnura,Ischnura genei,Ischnura genei,-0.0043,False,False,False,False,Ischnura genei,0.998,False,False,False,False,Ischnura genei,-0.0053,False,False,False,False,Ischnura genei,1.0,False,False,False,False
BGEPL3219-25,Ischnura pumilio,Ischnura,known,Ischnura pumilio,Ischnura,Ischnura pumilio,Ischnura pumilio,-0.0021,False,False,False,False,Ischnura pumilio,0.966,False,False,False,False,Ischnura pumilio,-0.0022,False,False,False,False,Ischnura pumilio,0.986,False,False,False,False
FBAQU496-10,Ischnura pumilio,Ischnura,known,Ischnura pumilio,Ischnura,Ischnura pumilio,Ischnura pumilio,-0.0099,False,False,False,False,Ischnura pumilio,0.658,False,False,False,False,Ischnura pumilio,-0.0101,False,False,False,False,Ischnura pumilio,0.792,False,False,False,False
LEFIJ33977-23,Ischnura pumilio,Ischnura,known,Ischnura pumilio,Ischnura,Ischnura pumilio,Ischnura pumilio,-0.0015,False,False,False,False,Ischnura pumilio,0.996,False,False,False,False,Ischnura pumilio,-0.0015,False,False,False,False,Ischnura pumilio,0.998,False,False,False,False
GBAAM37383-25,Ischnura saharensis,Ischnura,known,Ischnura genei,Ischnura,Ischnura genei,Ischnura saharensis,-0.0055,False,False,False,False,Ischnura saharensis,0.978,False,False,False,False,Ischnura saharensis,-0.0055,False,False,False,False,Ischnura saharensis,0.996,False,False,False,False
GBAAW69084-24,Ischnura saharensis,Ischnura,known,Ischnura saharensis,Ischnura,Ischnura saharensis,Ischnura saharensis,-0.0042,False,False,False,False,Ischnura saharensis,0.97,False,False,False,False,Ischnura saharensis,-0.0038,False,False,False,False,Ischnura saharensis,0.996,False,False,False,False
AODON681-20,Leucorrhinia caudalis,Leucorrhinia,unknown,ambiguous,,Leucorrhinia dubia;Leucorrhinia pectoralis;Leucorrhinia rubicunda;Sympetrum danae;Sympetrum depressiusculum;Sympetrum flaveolum;Sympetrum meridionale;Sympetrum sanguineum;Sympetrum striolatum;Sympetrum vulgatum,Leucorrhinia rubicunda,-0.0342,True,True,True,True,Leucorrhinia rubicunda,0.13,True,True,True,True,Leucorrhinia rubicunda,-0.0399,True,True,True,True,Leucorrhinia dubia,0.06,True,True,True,True
EDF006-18,Leucorrhinia caudalis,Leucorrhinia,unknown,ambiguous,,Leucorrhinia dubia;Leucorrhinia pectoralis;Leucorrhinia rubicunda;Sympetrum danae;Sympetrum depressiusculum;Sympetrum flaveolum;Sympetrum meridionale;Sympetrum sanguineum;Sympetrum striolatum;Sympetrum vulgatum,Leucorrhinia rubicunda,-0.0338,True,True,True,True,Leucorrhinia rubicunda,0.138,True,True,True,True,Leucorrhinia rubicunda,-0.0399,True,True,True,True,Leucorrhinia dubia,0.062,True,True,True,True
ODOBP5342-16,Leucorrhinia caudalis,Leucorrhinia,unknown,ambiguous,,Leucorrhinia dubia;Leucorrhinia pectoralis;Leucorrhinia rubicunda;Sympetrum danae;Sympetrum depressiusculum;Sympetrum flaveolum;Sympetrum meridionale;Sympetrum sanguineum;Sympetrum striolatum;Sympetrum vulgatum,Leucorrhinia rubicunda,-0.0331,True,True,True,True,Leucorrhinia rubicunda,0.13,True,True,True,True,Leucorrhinia rubicunda,-0.0398,True,True,True,True,Leucorrhinia dubia,0.062,True,True,True,True
AODON682-20,Leucorrhinia caudalis,Leucorrhinia,unknown,ambiguous,,Leucorrhinia dubia;Leucorrhinia pectoralis;Leucorrhinia rubicunda;Sympetrum danae;Sympetrum depressiusculum;Sympetrum flaveolum;Sympetrum meridionale;Sympetrum sanguineum;Sympetrum striolatum;Sympetrum vulgatum,Leucorrhinia rubicunda,-0.034,True,True,True,True,Leucorrhinia rubicunda,0.136,True,True,True,True,Leucorrhinia rubicunda,-0.0399,True,True,True,True,Leucorrhinia dubia,0.062,True,True,True,True
AODON703-20,Leucorrhinia dubia,Leucorrhinia,known,Leucorrhinia dubia,Leucorrhinia,Leucorrhinia dubia,Leucorrhinia dubia,-0.0043,False,False,False,False,Leucorrhinia dubia,1.0,False,False,False,False,Leucorrhinia dubia,-0.0053,False,False,False,False,Leucorrhinia dubia,1.0,False,False,False,False
GBODO036-18,Leucorrhinia dubia,Leucorrhinia,known,Leucorrhinia dubia,Leucorrhinia,Leucorrhinia dubia,Leucorrhinia dubia,-0.0081,False,False,False,False,Leucorrhinia dubia,0.802,False,False,False,False,Leucorrhinia dubia,-0.0103,False,False,False,False,Leucorrhinia dubia,0.88,False,False,False,False
ODOPL099-19,Leucorrhinia dubia,Leucorrhinia,known,Leucorrhinia dubia,Leucorrhinia,Leucorrhinia dubia,Leucorrhinia dubia,-0.0111,False,True,False,False,Leucorrhinia dubia,0.596,False,False,False,False,Leucorrhinia dubia,-0.013,True,True,True,False,Leucorrhinia dubia,0.832,False,False,False,False
FBAQU500-10,Leucorrhinia dubia,Leucorrhinia,known,Leucorrhinia dubia,Leucorrhinia,Leucorrhinia dubia,Leucorrhinia dubia,-0.0072,False,False,False,False,Leucorrhinia dubia,0.696,False,False,False,False,Leucorrhinia dubia,-0.0078,False,False,False,False,Leucorrhinia dubia,0.864,False,False,False,False
ODOBP2877-16,Leucorrhinia dubia,Leucorrhinia,known,Leucorrhinia dubia,Leucorrhinia,Leucorrhinia dubia,Leucorrhinia dubia,-0.0043,False,False,False,False,Leucorrhinia dubia,1.0,False,False,False,False,Leucorrhinia dubia,-0.0053,False,False,False,False,Leucorrhinia dubia,1.0,False,False,False,False
LEFIJ7816-18,Leucorrhinia dubia,Leucorrhinia,known,Leucorrhinia dubia,Leucorrhinia,Leucorrhinia dubia,Leucorrhinia dubia,-0.0083,False,False,False,False,Leucorrhinia dubia,0.886,False,False,False,False,Leucorrhinia dubia,-0.0092,False,False,False,False,Leucorrhinia dubia,0.908,False,False,False,False
ODOBP5354-16,Leucorrhinia pectoralis,Leucorrhinia,known,Leucorrhinia pectoralis,Leucorrhinia,Leucorrhinia pectoralis,Leucorrhinia pectoralis,-0.003,False,False,False,False,Leucorrhinia pectoralis,0.73,False,False,False,False,Leucorrhinia pectoralis,-0.0038,False,False,False,False,Leucorrhinia pectoralis,0.702,False,False,False,False
AODON080-20,Leucorrhinia pectoralis,Leucorrhinia,known,Leucorrhinia pectoralis,Leucorrhinia,Leucorrhinia pectoralis,Leucorrhinia pectoralis,-0.0034,False,False,False,False,Leucorrhinia pectoralis,0.732,False,False,False,False,Leucorrhinia pectoralis,-0.0041,False,False,False,False,Leucorrhinia pectoralis,0.706,False,False,False,False
AODON670-20,Leucorrhinia rubicunda,Leucorrhinia,known,Leucorrhinia rubicunda,Leucorrhinia,Leucorrhinia rubicunda,Leucorrhinia rubicunda,-0.0057,False,False,False,False,Leucorrhinia rubicunda,0.722,False,False,False,False,Leucorrhinia rubicunda,-0.0065,False,False,False,False,Leucorrhinia rubicunda,0.936,False,False,False,False
ZPLOD526-20,Libellula depressa,Libellula,unknown,Libellula fulva,Libellula,Libellula fulva,Libellula quadrimaculata,-0.0341,True,True,True,True,Trithemis annulata,0.124,True,True,True,True,Libellula quadrimaculata,-0.0417,True,True,True,True,Coenagrion mercuriale,0.092,True,True,True,True
TRSKA2843-20,Libellula depressa,Libellula,unknown,Libellula fulva,Libellula,Libellula fulva,Libellula quadrimaculata,-0.0338,True,True,True,True,Trithemis annulata,0.126,True,True,True,True,Libellula fulva,-0.0418,True,True,True,True,Coenagrion mercuriale,0.092,True,True,True,True
AODON429-20,Libellula depressa,Libellula,unknown,Libellula fulva,Libellula,Libellula fulva,Libellula fulva,-0.0344,True,True,True,True,Libellula fulva,0.124,True,True,True,True,Libellula quadrimaculata,-0.042,True,True,True,True,Coenagrion mercuriale,0.076,True,True,True,True
DTNHM13434-24,Libellula depressa,Libellula,unknown,Libellula fulva,Libellula,Libellula fulva,Libellula fulva,-0.0338,True,True,True,True,Trithemis annulata,0.132,True,True,True,True,Libellula quadrimaculata,-0.0417,True,True,True,True,Coenagrion mercuriale,0.096,True,True,True,True
PLSW148-20,Libellula depressa,Libellula,unknown,Libellula fulva,Libellula,Libellula fulva,Libellula fulva,-0.0338,True,True,True,True,Libellula fulva,0.124,True,True,True,True,Libellula quadrimaculata,-0.0418,True,True,True,True,Coenagrion mercuriale,0.088,True,True,True,True
LEFIJ7806-18,Libellula depressa,Libellula,unknown,Libellula fulva,Libellula,Libellula fulva,Libellula quadrimaculata,-0.0327,True,True,True,True,Trithemis annulata,0.14,True,True,True,True,Libellula fulva,-0.0419,True,True,True,True,Coenagrion mercuriale,0.098,True,True,True,True
AODON898-22,Libellula depressa,Libellula,unknown,Libellula fulva,Libellula,Libellula fulva,Libellula quadrimaculata,-0.033,True,True,True,True,Trithemis annulata,0.15,True,True,True,True,Libellula quadrimaculata,-0.0405,True,True,True,True,Coenagrion mercuriale,0.094,True,True,True,True
FBAQU502-10,Libellula depressa,Libellula,unknown,Libellula fulva,Libellula,Libellula fulva,Libellula fulva,-0.0339,True,True,True,True,Libellula fulva,0.124,True,True,True,True,Libellula fulva,-0.0417,True,True,True,True,Coenagrion mercuriale,0.092,True,True,True,True
ZPLOD534-20,Libellula depressa,Libellula,unknown,Libellula fulva,Libellula,Libellula fulva,Libellula fulva,-0.0335,True,True,True,True,Libellula fulva,0.12,True,True,True,True,Libellula fulva,-0.0419,True,True,True,True,Coenagrion mercuriale,0.092,True,True,True,True
AODON028-20,Libellula depressa,Libellula,unknown,Libellula fulva,Libellula,Libellula fulva,Libellula fulva,-0.034,True,True,True,True,Libellula fulva,0.126,True,True,True,True,Libellula fulva,-0.0418,True,True,True,True,Coenagrion mercuriale,0.092,True,True,True,True
LEFIJ5929-17,Libellula depressa,Libellula,unknown,Libellula fulva,Libellula,Libellula fulva,Libellula quadrimaculata,-0.0328,True,True,True,True,Trithemis annulata,0.14,True,True,True,True,Libellula fulva,-0.0417,True,True,True,True,Coenagrion mercuriale,0.098,True,True,True,True
LEFIJ29477-22,Libellula depressa,Libellula,unknown,Libellula fulva,Libellula,Libellula fulva,Libellula quadrimaculata,-0.0328,True,True,True,True,Trithemis annulata,0.126,True,True,True,True,Libellula fulva,-0.042,True,True,True,True,Coenagrion mercuriale,0.098,True,True,True,True
ODOBP9079-23,Libellula depressa,Libellula,unknown,Libellula fulva,Libellula,Libellula fulva,Libellula fulva,-0.034,True,True,True,True,Libellula fulva,0.126,True,True,True,True,Libellula fulva,-0.0418,True,True,True,True,Coenagrion mercuriale,0.092,True,True,True,True
ANBIO098-19,Libellula depressa,Libellula,unknown,Libellula fulva,Libellula,Libellula fulva,Libellula fulva,-0.0343,True,True,True,True,Libellula fulva,0.196,True,True,True,True,Sympetrum danae,-0.0423,True,True,True,True,Libellula fulva,0.074,True,True,True,True
PLSW034-20,Libellula fulva,Libellula,known,Libellula fulva,Libellula,Libellula fulva,Libellula fulva,-0.0022,False,False,False,False,Libellula fulva,0.994,False,False,False,False,Libellula fulva,-0.0022,False,False,False,False,Libellula fulva,0.998,False,False,False,False
UKAN813-22,Libellula fulva,Libellula,known,Libellula fulva,Libellula,Libellula fulva,Libellula fulva,-0.0043,False,False,False,False,Libellula fulva,0.928,False,False,False,False,Libellula fulva,-0.0057,False,False,False,False,Libellula fulva,0.97,False,False,False,False
GBEPT944-14,Libellula fulva,Libellula,known,Libellula fulva,Libellula,Libellula fulva,Libellula fulva,-0.0022,False,False,False,False,Libellula fulva,0.984,False,False,False,False,Libellula fulva,-0.0022,False,False,False,False,Libellula fulva,0.992,False,False,False,False
ZPLOD536-20,Libellula fulva,Libellula,known,Libellula fulva,Libellula,Libellula fulva,Libellula fulva,-0.0043,False,False,False,False,Libellula fulva,0.974,False,False,False,False,Libellula fulva,-0.0053,False,False,False,False,Libellula fulva,0.96,False,False,False,False
DTNHM8415-23,Libellula quadrimaculata,Libellula,known,Libellula quadrimaculata,Libellula,Libellula quadrimaculata,Libellula quadrimaculata,-0.0031,False,False,False,False,Libellula quadrimaculata,0.998,False,False,False,False,Libellula quadrimaculata,-0.0031,False,False,False,False,Libellula quadrimaculata,1.0,False,False,False,False
ZPLOD549-20,Libellula quadrimaculata,Libellula,known,Libellula quadrimaculata,Libellula,Libellula quadrimaculata,Libellula quadrimaculata,-0.0043,False,False,False,False,Libellula quadrimaculata,0.98,False,False,False,False,Libellula quadrimaculata,-0.0053,False,False,False,False,Libellula quadrimaculata,0.956,False,False,False,False
DTNHM10238-24,Libellula quadrimaculata,Libellula,known,Libellula quadrimaculata,Libellula,Libellula quadrimaculata,Libellula quadrimaculata,-0.0102,False,False,False,False,Libellula quadrimaculata,0.81,False,False,False,False,Libellula quadrimaculata,-0.0113,False,False,False,False,Libellula quadrimaculata,0.842,False,False,False,False
AODON433-20,Libellula quadrimaculata,Libellula,known,Libellula quadrimaculata,Libellula,Libellula quadrimaculata,Libellula quadrimaculata,-0.0051,False,False,False,False,Libellula quadrimaculata,0.98,False,False,False,False,Libellula quadrimaculata,-0.0059,False,False,False,False,Libellula quadrimaculata,0.942,False,False,False,False
AODON555-20,Libellula quadrimaculata,Libellula,known,Libellula quadrimaculata,Libellula,Libellula quadrimaculata,Libellula quadrimaculata,-0.0059,False,False,False,False,Libellula quadrimaculata,0.968,False,False,False,False,Libellula quadrimaculata,-0.0063,False,False,False,False,Libellula quadrimaculata,0.998,False,False,False,False
ZPLOD544-20,Libellula quadrimaculata,Libellula,known,Libellula quadrimaculata,Libellula,Libellula quadrimaculata,Libellula quadrimaculata,-0.0072,False,False,False,False,Libellula quadrimaculata,0.828,False,False,False,False,Libellula quadrimaculata,-0.0092,False,False,False,False,Libellula quadrimaculata,0.868,False,False,False,False
LEFIJ15543-21,Libellula quadrimaculata,Libellula,known,Libellula quadrimaculata,Libellula,Libellula quadrimaculata,Libellula quadrimaculata,-0.0082,False,False,False,False,Libellula quadrimaculata,0.876,False,False,False,False,Libellula quadrimaculata,-0.0084,False,False,False,False,Libellula quadrimaculata,0.938,False,False,False,False
AODON001-20,Libellula quadrimaculata,Libellula,known,Libellula quadrimaculata,Libellula,Libellula quadrimaculata,Libellula quadrimaculata,-0.0027,False,False,False,False,Libellula quadrimaculata,1.0,False,False,False,False,Libellula quadrimaculata,-0.0027,False,False,False,False,Libellula quadrimaculata,1.0,False,False,False,False
DTNHM9343-23,Libellula quadrimaculata,Libellula,known,Libellula quadrimaculata,Libellula,Libellula quadrimaculata,Libellula quadrimaculata,-0.0051,False,False,False,False,Libellula quadrimaculata,0.932,False,False,False,False,Libellula quadrimaculata,-0.0061,False,False,False,False,Libellula quadrimaculata,0.966,False,False,False,False
AODON718-20,Nehalennia speciosa,Nehalennia,known,Nehalennia speciosa,Nehalennia,Nehalennia speciosa,Nehalennia speciosa,-0.0068,False,False,False,False,Nehalennia speciosa,0.85,False,False,False,False,Nehalennia speciosa,-0.0081,False,False,False,False,Nehalennia speciosa,0.912,False,False,False,False
FBAQU1428-13,Nehalennia speciosa,Nehalennia,known,Nehalennia speciosa,Nehalennia,Nehalennia speciosa,Nehalennia speciosa,-0.0046,False,False,False,False,Nehalennia speciosa,0.9,False,False,False,False,Nehalennia speciosa,-0.0041,False,False,False,False,Nehalennia speciosa,0.954,False,False,False,False
AODON697-20,Nehalennia speciosa,Nehalennia,known,Nehalennia speciosa,Nehalennia,Nehalennia speciosa,Nehalennia speciosa,-0.0042,False,False,False,False,Nehalennia speciosa,0.788,False,False,False,False,Nehalennia speciosa,-0.0043,False,False,False,False,Nehalennia speciosa,0.912,False,False,False,False
AODON370-20,Orthetrum albistylum,Orthetrum,known,Orthetrum albistylum,Orthetrum,Orthetrum albistylum,Orthetrum albistylum,-0.0042,False,False,False,False,Orthetrum albistylum,0.814,False,False,False,False,Orthetrum albistylum,-0.0043,False,False,False,False,Orthetrum albistylum,0.782,False,False,False,False
EDF010-18,Orthetrum albistylum,Orthetrum,known,Orthetrum albistylum,Orthetrum,Orthetrum albistylum,Orthetrum albistylum,-0.0015,False,False,False,False,Orthetrum albistylum,0.87,False,False,False,False,Orthetrum albistylum,-0.0015,False,False,False,False,Orthetrum albistylum,0.82,False,False,False,False
FBAQU319-09,Orthetrum brunneum,Orthetrum,known,Orthetrum brunneum,Orthetrum,Orthetrum brunneum,Orthetrum brunneum,-0.0015,False,False,False,False,Orthetrum brunneum,0.998,False,False,False,False,Orthetrum brunneum,-0.0015,False,False,False,False,Orthetrum brunneum,1.0,False,False,False,False
ZPLOD609-20,Orthetrum brunneum,Orthetrum,known,Orthetrum brunneum,Orthetrum,Orthetrum brunneum,Orthetrum brunneum,-0.007,False,False,False,False,Orthetrum brunneum,0.934,False,False,False,False,Orthetrum brunneum,-0.0067,False,False,False,False,Orthetrum brunneum,0.942,False,False,False,False
AODON893-22,Orthetrum brunneum,Orthetrum,known,Orthetrum brunneum,Orthetrum,Orthetrum brunneum,Orthetrum brunneum,-0.0078,False,False,False,False,Orthetrum brunneum,0.894,False,False,False,False,Orthetrum brunneum,-0.0075,False,False,False,False,Orthetrum brunneum,0.948,False,False,False,False
AODON521-20,Orthetrum brunneum,Orthetrum,known,Orthetrum brunneum,Orthetrum,Orthetrum brunneum,Orthetrum brunneum,-0.0098,False,False,False,False,Orthetrum brunneum,0.85,False,False,False,False,Orthetrum brunneum,-0.0093,False,False,False,False,Orthetrum brunneum,0.926,False,False,False,False
AODON895-22,Orthetrum cancellatum,Orthetrum,known,Orthetrum cancellatum,Orthetrum,Orthetrum cancellatum,Orthetrum cancellatum,-0.0077,False,False,False,False,Orthetrum cancellatum,0.86,False,False,False,False,Orthetrum cancellatum,-0.0075,False,False,False,False,Orthetrum cancellatum,0.94,False,False,False,False
AODON065-20,Orthetrum cancellatum,Orthetrum,known,Orthetrum cancellatum,Orthetrum,Orthetrum cancellatum,Orthetrum cancellatum,-0.0015,False,False,False,False,Orthetrum cancellatum,0.882,False,False,False,False,Orthetrum cancellatum,-0.0015,False,False,False,False,Orthetrum cancellatum,0.906,False,False,False,False
GBAAY74681-24,Orthetrum cancellatum,Orthetrum,known,Orthetrum cancellatum,Orthetrum,Orthetrum cancellatum,Orthetrum cancellatum,-0.0043,False,False,False,False,Orthetrum cancellatum,0.856,False,False,False,False,Orthetrum cancellatum,-0.0053,False,False,False,False,Orthetrum cancellatum,0.888,False,False,False,False
ODOPL128-19,Orthetrum cancellatum,Orthetrum,known,Orthetrum cancellatum,Orthetrum,Orthetrum cancellatum,Orthetrum cancellatum,-0.0085,False,False,False,False,Orthetrum cancellatum,0.688,False,False,False,False,Orthetrum cancellatum,-0.0094,False,False,False,False,Orthetrum cancellatum,0.888,False,False,False,False
ODOPL052-19,Orthetrum cancellatum,Orthetrum,known,Orthetrum cancellatum,Orthetrum,Orthetrum cancellatum,Orthetrum cancellatum,-0.0045,False,False,False,False,Orthetrum cancellatum,0.832,False,False,False,False,Orthetrum cancellatum,-0.0039,False,False,False,False,Orthetrum cancellatum,0.92,False,False,False,False
ZPLOD618-20,Orthetrum cancellatum,Orthetrum,known,Orthetrum cancellatum,Orthetrum,Orthetrum cancellatum,Orthetrum cancellatum,-0.0073,False,False,False,False,Orthetrum cancellatum,0.888,False,False,False,False,Orthetrum cancellatum,-0.0093,False,False,False,False,Orthetrum cancellatum,0.914,False,False,False,False
AODON102-20,Orthetrum cancellatum,Orthetrum,known,Orthetrum cancellatum,Orthetrum,Orthetrum cancellatum,Orthetrum cancellatum,-0.0043,False,False,False,False,Orthetrum cancellatum,0.858,False,False,False,False,Orthetrum cancellatum,-0.0053,False,False,False,False,Orthetrum cancellatum,0.916,False,False,False,False
GBAAY74666-24,Orthetrum cancellatum,Orthetrum,known,Orthetrum cancellatum,Orthetrum,Orthetrum cancellatum,Orthetrum cancellatum,-0.0043,False,False,False,False,Orthetrum cancellatum,0.906,False,False,False,False,Orthetrum cancellatum,-0.0053,False,False,False,False,Orthetrum cancellatum,0.934,False,False,False,False
ODOBP2891-16,Orthetrum cancellatum,Orthetrum,known,Orthetrum cancellatum,Orthetrum,Orthetrum cancellatum,Orthetrum cancellatum,-0.0043,False,False,False,False,Orthetrum cancellatum,0.992,False,False,False,False,Orthetrum cancellatum,-0.0053,False,False,False,False,Orthetrum cancellatum,0.986,False,False,False,False
GBAAX10185-24,Orthetrum cancellatum,Orthetrum,known,Orthetrum cancellatum,Orthetrum,Orthetrum cancellatum,Orthetrum cancellatum,-0.0043,False,False,False,False,Orthetrum cancellatum,0.964,False,False,False,False,Orthetrum cancellatum,-0.0053,False,False,False,False,Orthetrum cancellatum,0.982,False,False,False,False
GBAAY74684-24,Orthetrum cancellatum,Orthetrum,known,Orthetrum cancellatum,Orthetrum,Orthetrum cancellatum,Orthetrum cancellatum,-0.0043,False,False,False,False,Orthetrum cancellatum,0.956,False,False,False,False,Orthetrum cancellatum,-0.0053,False,False,False,False,Orthetrum cancellatum,0.944,False,False,False,False
GBAAY74664-24,Orthetrum cancellatum,Orthetrum,known,Orthetrum cancellatum,Orthetrum,Orthetrum cancellatum,Orthetrum cancellatum,-0.0043,False,False,False,False,Orthetrum cancellatum,0.986,False,False,False,False,Orthetrum cancellatum,-0.0053,False,False,False,False,Orthetrum cancellatum,0.946,False,False,False,False
GBAAW78360-24,Orthetrum coerulescens,Orthetrum,unknown,ambiguous,Orthetrum,Orthetrum albistylum;Orthetrum brunneum;Orthetrum cancellatum,Orthetrum cancellatum,-0.0326,True,True,True,True,Libellula quadrimaculata,0.11,True,True,True,True,Orthetrum brunneum,-0.0402,True,True,True,True,Orthetrum brunneum,0.134,True,True,True,True
DTNHM2609-21,Orthetrum coerulescens,Orthetrum,unknown,ambiguous,Orthetrum,Orthetrum albistylum;Orthetrum brunneum;Orthetrum cancellatum,Orthetrum cancellatum,-0.0409,True,True,True,True,Orthetrum cancellatum,0.122,True,True,True,True,Orthetrum cancellatum,-0.0441,True,True,True,True,Nehalennia speciosa,0.066,True,True,True,True
ZPLOD833-20,Orthetrum coerulescens,Orthetrum,unknown,ambiguous,Orthetrum,Orthetrum albistylum;Orthetrum brunneum;Orthetrum cancellatum,Orthetrum cancellatum,-0.0332,True,True,True,True,Orthetrum cancellatum,0.126,True,True,True,True,Orthetrum cancellatum,-0.039,True,True,True,True,Orthetrum cancellatum,0.134,True,True,True,True
GBAAX3580-24,Orthetrum coerulescens,Orthetrum,unknown,ambiguous,Orthetrum,Orthetrum albistylum;Orthetrum brunneum;Orthetrum cancellatum,Orthetrum cancellatum,-0.0321,True,True,True,True,Orthetrum cancellatum,0.112,True,True,True,True,Orthetrum cancellatum,-0.0395,True,True,True,True,Orthetrum brunneum,0.132,True,True,True,True
ODOBP2887-16,Orthetrum coerulescens,Orthetrum,unknown,ambiguous,Orthetrum,Orthetrum albistylum;Orthetrum brunneum;Orthetrum cancellatum,Orthetrum cancellatum,-0.0327,True,True,True,True,Orthetrum cancellatum,0.116,True,True,True,True,Orthetrum cancellatum,-0.0389,True,True,True,True,Orthetrum brunneum,0.13,True,True,True,True
LEFIJ29522-22,Orthetrum coerulescens,Orthetrum,unknown,ambiguous,Orthetrum,Orthetrum albistylum;Orthetrum brunneum;Orthetrum cancellatum,Orthetrum cancellatum,-0.031,True,True,True,True,Orthetrum cancellatum,0.124,True,True,True,True,Orthetrum cancellatum,-0.0395,True,True,True,True,Orthetrum brunneum,0.13,True,True,True,True
GBAAY36375-24,Orthetrum coerulescens,Orthetrum,unknown,ambiguous,Orthetrum,Orthetrum albistylum;Orthetrum brunneum;Orthetrum cancellatum,Orthetrum cancellatum,-0.0321,True,True,True,True,Orthetrum cancellatum,0.122,True,True,True,True,Orthetrum cancellatum,-0.0397,True,True,True,True,Orthetrum brunneum,0.132,True,True,True,True
AODON263-20,Orthetrum coerulescens,Orthetrum,unknown,ambiguous,Orthetrum,Orthetrum albistylum;Orthetrum brunneum;Orthetrum cancellatum,Orthetrum cancellatum,-0.0329,True,True,True,True,Orthetrum brunneum,0.106,True,True,True,True,Orthetrum cancellatum,-0.0392,True,True,True,True,Orthetrum brunneum,0.134,True,True,True,True
ZPLOD639-20,Orthetrum coerulescens,Orthetrum,unknown,ambiguous,Orthetrum,Orthetrum albistylum;Orthetrum brunneum;Orthetrum cancellatum,Orthetrum cancellatum,-0.0336,True,True,True,True,Orthetrum cancellatum,0.126,True,True,True,True,Orthetrum cancellatum,-0.039,True,True,True,True,Orthetrum brunneum,0.13,True,True,True,True
LEFIJ29523-22,Orthetrum coerulescens,Orthetrum,unknown,ambiguous,Orthetrum,Orthetrum albistylum;Orthetrum brunneum;Orthetrum cancellatum,Orthetrum cancellatum,-0.0306,True,True,True,True,Orthetrum cancellatum,0.128,True,True,True,True,Orthetrum cancellatum,-0.0395,True,True,True,True,Orthetrum brunneum,0.128,True,True,True,True
GBAAY36391-24,Orthetrum coerulescens,Orthetrum,unknown,ambiguous,Orthetrum,Orthetrum albistylum;Orthetrum brunneum;Orthetrum cancellatum,Orthetrum cancellatum,-0.0332,True,True,True,True,Orthetrum cancellatum,0.114,True,True,True,True,Orthetrum cancellatum,-0.0392,True,True,True,True,Orthetrum cancellatum,0.136,True,True,True,True
GBAAY36361-24,Orthetrum coerulescens,Orthetrum,unknown,ambiguous,Orthetrum,Orthetrum albistylum;Orthetrum brunneum;Orthetrum cancellatum,Orthetrum cancellatum,-0.033,True,True,True,True,Orthetrum cancellatum,0.12,True,True,True,True,Orthetrum cancellatum,-0.0387,True,True,True,True,Orthetrum cancellatum,0.14,True,True,True,True
AODON520-20,Orthetrum coerulescens,Orthetrum,unknown,ambiguous,Orthetrum,Orthetrum albistylum;Orthetrum brunneum;Orthetrum cancellatum,Orthetrum albistylum,-0.0334,True,True,True,True,Orthetrum cancellatum,0.098,True,True,True,True,Orthetrum cancellatum,-0.039,True,True,True,True,Orthetrum brunneum,0.14,True,True,True,True
GBAAY36362-24,Orthetrum coerulescens,Orthetrum,unknown,ambiguous,Orthetrum,Orthetrum albistylum;Orthetrum brunneum;Orthetrum cancellatum,Orthetrum cancellatum,-0.0312,True,True,True,True,Orthetrum cancellatum,0.194,True,True,True,True,Orthetrum cancellatum,-0.0374,True,True,True,True,Orthetrum cancellatum,0.164,True,True,True,True
GBAAW78362-24,Orthetrum coerulescens,Orthetrum,unknown,ambiguous,Orthetrum,Orthetrum albistylum;Orthetrum brunneum;Orthetrum cancellatum,Orthetrum brunneum,-0.0347,True,True,True,True,Orthetrum cancellatum,0.098,True,True,True,True,Orthetrum brunneum,-0.0405,True,True,True,True,Orthetrum brunneum,0.12,True,True,True,True
GBAAY36363-24,Orthetrum coerulescens,Orthetrum,unknown,ambiguous,Orthetrum,Orthetrum albistylum;Orthetrum brunneum;Orthetrum cancellatum,Orthetrum cancellatum,-0.0316,True,True,True,True,Orthetrum cancellatum,0.112,True,True,True,True,Orthetrum brunneum,-0.0393,True,True,True,True,Orthetrum brunneum,0.182,True,True,True,True
DTNHM10237-24,Orthetrum coerulescens,Orthetrum,unknown,ambiguous,Orthetrum,Orthetrum albistylum;Orthetrum brunneum;Orthetrum cancellatum,Orthetrum albistylum,-0.0329,True,True,True,True,Orthetrum cancellatum,0.108,True,True,True,True,Orthetrum brunneum,-0.0392,True,True,True,True,Orthetrum brunneum,0.134,True,True,True,True
AODON512-20,Orthetrum coerulescens,Orthetrum,unknown,ambiguous,Orthetrum,Orthetrum albistylum;Orthetrum brunneum;Orthetrum cancellatum,Orthetrum cancellatum,-0.0344,True,True,True,True,Libellula quadrimaculata,0.102,True,True,True,True,Orthetrum brunneum,-0.0409,True,True,True,True,Orthetrum brunneum,0.126,True,True,True,True
PLSW049-20,Orthetrum coerulescens,Orthetrum,unknown,ambiguous,Orthetrum,Orthetrum albistylum;Orthetrum brunneum;Orthetrum cancellatum,Orthetrum cancellatum,-0.0302,True,True,True,True,Orthetrum cancellatum,0.122,True,True,True,True,Orthetrum cancellatum,-0.0388,True,True,True,True,Orthetrum brunneum,0.136,True,True,True,True
AODON887-22,Orthetrum coerulescens,Orthetrum,unknown,ambiguous,Orthetrum,Orthetrum albistylum;Orthetrum brunneum;Orthetrum cancellatum,Orthetrum cancellatum,-0.0331,True,True,True,True,Orthetrum cancellatum,0.1,True,True,True,True,Orthetrum cancellatum,-0.039,True,True,True,True,Orthetrum brunneum,0.136,True,True,True,True
GBAAY36359-24,Orthetrum coerulescens,Orthetrum,unknown,ambiguous,Orthetrum,Orthetrum albistylum;Orthetrum brunneum;Orthetrum cancellatum,Orthetrum cancellatum,-0.0315,True,True,True,True,Orthetrum cancellatum,0.11,True,True,True,True,Orthetrum cancellatum,-0.0392,True,True,True,True,Orthetrum brunneum,0.13,True,True,True,True
GBAAX3579-24,Orthetrum coerulescens,Orthetrum,unknown,ambiguous,Orthetrum,Orthetrum albistylum;Orthetrum brunneum;Orthetrum cancellatum,Orthetrum cancellatum,-0.0315,True,True,True,True,Orthetrum cancellatum,0.118,True,True,True,True,Orthetrum cancellatum,-0.0392,True,True,True,True,Orthetrum brunneum,0.132,True,True,True,True
DTNHM5971-23,Orthetrum coerulescens,Orthetrum,unknown,ambiguous,Orthetrum,Orthetrum albistylum;Orthetrum brunneum;Orthetrum cancellatum,Orthetrum cancellatum,-0.0322,True,True,True,True,Orthetrum cancellatum,0.114,True,True,True,True,Orthetrum cancellatum,-0.0389,True,True,True,True,Orthetrum brunneum,0.14,True,True,True,True
GBAAW78361-24,Orthetrum coerulescens,Orthetrum,unknown,ambiguous,Orthetrum,Orthetrum albistylum;Orthetrum brunneum;Orthetrum cancellatum,Orthetrum cancellatum,-0.0326,True,True,True,True,Libellula quadrimaculata,0.098,True,True,True,True,Orthetrum brunneum,-0.0404,True,True,True,True,Orthetrum brunneum,0.132,True,True,True,True
GBAAY36381-24,Orthetrum coerulescens,Orthetrum,unknown,ambiguous,Orthetrum,Orthetrum albistylum;Orthetrum brunneum;Orthetrum cancellatum,Orthetrum cancellatum,-0.0317,True,True,True,True,Orthetrum cancellatum,0.152,True,True,True,True,Orthetrum cancellatum,-0.039,True,True,True,True,Orthetrum brunneum,0.138,True,True,True,True
AODON099-20,Orthetrum coerulescens,Orthetrum,unknown,ambiguous,Orthetrum,Orthetrum albistylum;Orthetrum brunneum;Orthetrum cancellatum,Orthetrum cancellatum,-0.0313,True,True,True,True,Orthetrum cancellatum,0.116,True,True,True,True,Orthetrum cancellatum,-0.0392,True,True,True,True,Orthetrum brunneum,0.136,True,True,True,True
ZPLOD651-20,Orthetrum coerulescens,Orthetrum,unknown,ambiguous,Orthetrum,Orthetrum albistylum;Orthetrum brunneum;Orthetrum cancellatum,Orthetrum cancellatum,-0.0317,True,True,True,True,Orthetrum cancellatum,0.148,True,True,True,True,Orthetrum cancellatum,-0.0389,True,True,True,True,Orthetrum brunneum,0.14,True,True,True,True
GBAAY36383-24,Orthetrum coerulescens,Orthetrum,unknown,ambiguous,Orthetrum,Orthetrum albistylum;Orthetrum brunneum;Orthetrum cancellatum,Orthetrum cancellatum,-0.0313,True,True,True,True,Orthetrum cancellatum,0.166,True,True,True,True,Orthetrum cancellatum,-0.0373,True,True,True,True,Orthetrum cancellatum,0.164,True,True,True,True
ZMBN329-16,Orthetrum coerulescens,Orthetrum,unknown,ambiguous,Orthetrum,Orthetrum albistylum;Orthetrum brunneum;Orthetrum cancellatum,Orthetrum cancellatum,-0.0317,True,True,True,True,Orthetrum cancellatum,0.116,True,True,True,True,Orthetrum cancellatum,-0.0393,True,True,True,True,Orthetrum brunneum,0.136,True,True,True,True
AODON071-20,Orthetrum coerulescens,Orthetrum,unknown,ambiguous,Orthetrum,Orthetrum albistylum;Orthetrum brunneum;Orthetrum cancellatum,Orthetrum cancellatum,-0.0316,True,True,True,True,Orthetrum cancellatum,0.152,True,True,True,True,Orthetrum cancellatum,-0.0387,True,True,True,True,Orthetrum brunneum,0.138,True,True,True,True
GBAAY36369-24,Orthetrum coerulescens,Orthetrum,unknown,ambiguous,Orthetrum,Orthetrum albistylum;Orthetrum brunneum;Orthetrum cancellatum,Orthetrum cancellatum,-0.0302,True,True,True,True,Orthetrum brunneum,0.11,True,True,True,True,Orthetrum cancellatum,-0.0386,True,True,True,True,Orthetrum brunneum,0.134,True,True,True,True
AODON261-20,Orthetrum coerulescens,Orthetrum,unknown,ambiguous,Orthetrum,Orthetrum albistylum;Orthetrum brunneum;Orthetrum cancellatum,Orthetrum cancellatum,-0.0332,True,True,True,True,Orthetrum cancellatum,0.122,True,True,True,True,Orthetrum cancellatum,-0.039,True,True,True,True,Orthetrum cancellatum,0.136,True,True,True,True
GBAAX3578-24,Orthetrum coerulescens,Orthetrum,unknown,ambiguous,Orthetrum,Orthetrum albistylum;Orthetrum brunneum;Orthetrum cancellatum,Orthetrum cancellatum,-0.0323,True,True,True,True,Orthetrum brunneum,0.104,True,True,True,True,Orthetrum cancellatum,-0.0393,True,True,True,True,Orthetrum brunneum,0.136,True,True,True,True
GBAAY36382-24,Orthetrum coerulescens,Orthetrum,unknown,ambiguous,Orthetrum,Orthetrum albistylum;Orthetrum brunneum;Orthetrum cancellatum,Orthetrum cancellatum,-0.0321,True,True,True,True,Orthetrum brunneum,0.106,True,True,True,True,Orthetrum cancellatum,-0.0395,True,True,True,True,Orthetrum brunneum,0.138,True,True,True,True
ZPLOD626-20,Orthetrum coerulescens,Orthetrum,unknown,ambiguous,Orthetrum,Orthetrum albistylum;Orthetrum brunneum;Orthetrum cancellatum,Orthetrum cancellatum,-0.0322,True,True,True,True,Orthetrum cancellatum,0.112,True,True,True,True,Orthetrum cancellatum,-0.0393,True,True,True,True,Orthetrum brunneum,0.134,True,True,True,True
FBAQU506-10,Orthetrum coerulescens,Orthetrum,unknown,ambiguous,Orthetrum,Orthetrum albistylum;Orthetrum brunneum;Orthetrum cancellatum,Orthetrum cancellatum,-0.0311,True,True,True,True,Orthetrum cancellatum,0.106,True,True,True,True,Orthetrum cancellatum,-0.0394,True,True,True,True,Orthetrum brunneum,0.126,True,True,True,True
GBMIN88627-17,Pyrrhosoma elisabethae,Pyrrhosoma,known,Pyrrhosoma elisabethae,Pyrrhosoma,Pyrrhosoma elisabethae,Pyrrhosoma elisabethae,-0.0038,False,False,False,False,Pyrrhosoma elisabethae,0.988,False,False,False,False,Pyrrhosoma elisabethae,-0.005,False,False,False,False,Pyrrhosoma elisabethae,0.992,False,False,False,False
AODON170-20,Pyrrhosoma nymphula,Pyrrhosoma,unknown,Pyrrhosoma elisabethae,Pyrrhosoma,Pyrrhosoma elisabethae,Pyrrhosoma elisabethae,-0.0193,True,True,True,True,Pyrrhosoma elisabethae,0.286,True,True,True,False,Pyrrhosoma elisabethae,-0.0232,True,True,True,True,Pyrrhosoma elisabethae,0.35,True,True,True,False
AODON401-20,Pyrrhosoma nymphula,Pyrrhosoma,unknown,Pyrrhosoma elisabethae,Pyrrhosoma,Pyrrhosoma elisabethae,Pyrrhosoma elisabethae,-0.0195,True,True,True,True,Pyrrhosoma elisabethae,0.246,True,True,True,False,Pyrrhosoma elisabethae,-0.0234,True,True,True,True,Pyrrhosoma elisabethae,0.336,True,True,True,False
GBAAW56259-24,Pyrrhosoma nymphula,Pyrrhosoma,unknown,Pyrrhosoma elisabethae,Pyrrhosoma,Pyrrhosoma elisabethae,Pyrrhosoma elisabethae,-0.0181,True,True,True,True,Pyrrhosoma elisabethae,0.46,True,True,True,False,Pyrrhosoma elisabethae,-0.0223,True,True,True,True,Pyrrhosoma elisabethae,0.64,False,True,False,False
AODON013-20,Pyrrhosoma nymphula,Pyrrhosoma,unknown,Pyrrhosoma elisabethae,Pyrrhosoma,Pyrrhosoma elisabethae,Pyrrhosoma elisabethae,-0.0194,True,True,True,True,Pyrrhosoma elisabethae,0.306,True,True,True,False,Pyrrhosoma elisabethae,-0.0217,True,True,True,True,Pyrrhosoma elisabethae,0.396,True,True,True,False
GBMIN88634-17,Pyrrhosoma nymphula,Pyrrhosoma,unknown,Pyrrhosoma elisabethae,Pyrrhosoma,Pyrrhosoma elisabethae,Pyrrhosoma elisabethae,-0.02,True,True,True,True,Pyrrhosoma elisabethae,0.48,True,True,True,False,Pyrrhosoma elisabethae,-0.0222,True,True,True,True,Pyrrhosoma elisabethae,0.692,False,False,False,False
FBAQU510-10,Pyrrhosoma nymphula,Pyrrhosoma,unknown,Pyrrhosoma elisabethae,Pyrrhosoma,Pyrrhosoma elisabethae,Pyrrhosoma elisabethae,-0.0213,True,True,True,True,Pyrrhosoma elisabethae,0.308,True,True,True,False,Pyrrhosoma elisabethae,-0.0237,True,True,True,True,Pyrrhosoma elisabethae,0.61,False,True,False,False
ODTRI002-14,Pyrrhosoma nymphula,Pyrrhosoma,unknown,Pyrrhosoma elisabethae,Pyrrhosoma,Pyrrhosoma elisabethae,Pyrrhosoma elisabethae,-0.0206,True,True,True,True,Pyrrhosoma elisabethae,0.338,True,True,True,False,Pyrrhosoma elisabethae,-0.0237,True,True,True,True,Pyrrhosoma elisabethae,0.608,False,True,False,False
GBODO152-18,Pyrrhosoma nymphula,Pyrrhosoma,unknown,Pyrrhosoma elisabethae,Pyrrhosoma,Pyrrhosoma elisabethae,Pyrrhosoma elisabethae,-0.0201,True,True,True,True,Pyrrhosoma elisabethae,0.264,True,True,True,False,Pyrrhosoma elisabethae,-0.0238,True,True,True,True,Pyrrhosoma elisabethae,0.338,True,True,True,False
GBAAW56262-24,Pyrrhosoma nymphula,Pyrrhosoma,unknown,Pyrrhosoma elisabethae,Pyrrhosoma,Pyrrhosoma elisabethae,Pyrrhosoma elisabethae,-0.0175,True,True,True,True,Pyrrhosoma elisabethae,0.322,True,True,True,False,Pyrrhosoma elisabethae,-0.0217,True,True,True,True,Pyrrhosoma elisabethae,0.468,True,True,True,False
ODTRI003-14,Pyrrhosoma nymphula,Pyrrhosoma,unknown,Pyrrhosoma elisabethae,Pyrrhosoma,Pyrrhosoma elisabethae,Pyrrhosoma elisabethae,-0.0196,True,True,True,True,Pyrrhosoma elisabethae,0.364,True,True,True,False,Pyrrhosoma elisabethae,-0.022,True,True,True,True,Pyrrhosoma elisabethae,0.664,False,False,False,False
FBAQU321-09,Pyrrhosoma nymphula,Pyrrhosoma,unknown,Pyrrhosoma elisabethae,Pyrrhosoma,Pyrrhosoma elisabethae,Pyrrhosoma elisabethae,-0.0191,True,True,True,True,Pyrrhosoma elisabethae,0.272,True,True,True,False,Pyrrhosoma elisabethae,-0.0237,True,True,True,True,Pyrrhosoma elisabethae,0.358,True,True,True,False
GBAAW56261-24,Pyrrhosoma nymphula,Pyrrhosoma,unknown,Pyrrhosoma elisabethae,Pyrrhosoma,Pyrrhosoma elisabethae,Pyrrhosoma elisabethae,-0.0172,True,True,True,True,Pyrrhosoma elisabethae,0.448,True,True,True,False,Pyrrhosoma elisabethae,-0.0216,True,True,True,True,Pyrrhosoma elisabethae,0.624,False,True,False,False
FBAQU202-09,Pyrrhosoma nymphula,Pyrrhosoma,unknown,Pyrrhosoma elisabethae,Pyrrhosoma,Pyrrhosoma elisabethae,Pyrrhosoma elisabethae,-0.02,True,True,True,True,Pyrrhosoma elisabethae,0.238,True,True,True,True,Pyrrhosoma elisabethae,-0.0238,True,True,True,True,Pyrrhosoma elisabethae,0.344,True,True,True,False
AODON278-20,Pyrrhosoma nymphula,Pyrrhosoma,unknown,Pyrrhosoma elisabethae,Pyrrhosoma,Pyrrhosoma elisabethae,Pyrrhosoma elisabethae,-0.0189,True,True,True,True,Pyrrhosoma elisabethae,0.282,True,True,True,False,Pyrrhosoma elisabethae,-0.0237,True,True,True,True,Pyrrhosoma elisabethae,0.358,True,True,True,False
GBUPS204-14,Pyrrhosoma nymphula,Pyrrhosoma,unknown,Pyrrhosoma elisabethae,Pyrrhosoma,Pyrrhosoma elisabethae,Pyrrhosoma elisabethae,-0.0197,True,True,True,True,Pyrrhosoma elisabethae,0.268,True,True,True,False,Pyrrhosoma elisabethae,-0.0244,True,True,True,True,Pyrrhosoma elisabethae,0.326,True,True,True,False
GBMIN88641-17,Pyrrhosoma nymphula,Pyrrhosoma,unknown,Pyrrhosoma elisabethae,Pyrrhosoma,Pyrrhosoma elisabethae,Pyrrhosoma elisabethae,-0.019,True,True,True,True,Pyrrhosoma elisabethae,0.466,True,True,True,False,Pyrrhosoma elisabethae,-0.0228,True,True,True,True,Pyrrhosoma elisabethae,0.634,False,True,False,False
GBUPS203-14,Pyrrhosoma nymphula,Pyrrhosoma,unknown,Pyrrhosoma elisabethae,Pyrrhosoma,Pyrrhosoma elisabethae,Pyrrhosoma elisabethae,-0.0198,True,True,True,True,Pyrrhosoma elisabethae,0.27,True,True,True,False,Pyrrhosoma elisabethae,-0.0239,True,True,True,True,Pyrrhosoma elisabethae,0.328,True,True,True,False
FBAQU509-10,Pyrrhosoma nymphula,Pyrrhosoma,unknown,Pyrrhosoma elisabethae,Pyrrhosoma,Pyrrhosoma elisabethae,Pyrrhosoma elisabethae,-0.0208,True,True,True,True,Pyrrhosoma elisabethae,0.322,True,True,True,False,Pyrrhosoma elisabethae,-0.0242,True,True,True,True,Pyrrhosoma elisabethae,0.612,False,True,False,False
ZPLOD696-20,Pyrrhosoma nymphula,Pyrrhosoma,unknown,Pyrrhosoma elisabethae,Pyrrhosoma,Pyrrhosoma elisabethae,Pyrrhosoma elisabethae,-0.0124,True,True,True,False,Pyrrhosoma elisabethae,0.394,True,True,True,False,Pyrrhosoma elisabethae,-0.0149,True,True,True,False,Pyrrhosoma elisabethae,0.494,True,True,True,False
GBMIN88642-17,Pyrrhosoma nymphula,Pyrrhosoma,unknown,Pyrrhosoma elisabethae,Pyrrhosoma,Pyrrhosoma elisabethae,Pyrrhosoma elisabethae,-0.0177,True,True,True,True,Pyrrhosoma elisabethae,0.558,False,True,False,False,Pyrrhosoma elisabethae,-0.02,True,True,True,True,Pyrrhosoma elisabethae,0.712,False,False,False,False
AODON414-20,Pyrrhosoma nymphula,Pyrrhosoma,unknown,Pyrrhosoma elisabethae,Pyrrhosoma,Pyrrhosoma elisabethae,Pyrrhosoma elisabethae,-0.0199,True,True,True,True,Pyrrhosoma elisabethae,0.278,True,True,True,False,Pyrrhosoma elisabethae,-0.0236,True,True,True,True,Pyrrhosoma elisabethae,0.356,True,True,True,False
LEFIJ29497-22,Pyrrhosoma nymphula,Pyrrhosoma,unknown,Pyrrhosoma elisabethae,Pyrrhosoma,Pyrrhosoma elisabethae,Pyrrhosoma elisabethae,-0.0196,True,True,True,True,Pyrrhosoma elisabethae,0.322,True,True,True,False,Pyrrhosoma elisabethae,-0.0219,True,True,True,True,Pyrrhosoma elisabethae,0.394,True,True,True,False
HMYZ137-21,Pyrrhosoma nymphula,Pyrrhosoma,unknown,Pyrrhosoma elisabethae,Pyrrhosoma,Pyrrhosoma elisabethae,Pyrrhosoma elisabethae,-0.0189,True,True,True,True,Pyrrhosoma elisabethae,0.248,True,True,True,False,Pyrrhosoma elisabethae,-0.0231,True,True,True,True,Pyrrhosoma elisabethae,0.33,True,True,True,False
AODON413-20,Pyrrhosoma nymphula,Pyrrhosoma,unknown,Pyrrhosoma elisabethae,Pyrrhosoma,Pyrrhosoma elisabethae,Pyrrhosoma elisabethae,-0.0196,True,True,True,True,Pyrrhosoma elisabethae,0.218,True,True,True,True,Pyrrhosoma elisabethae,-0.0238,True,True,True,True,Pyrrhosoma elisabethae,0.338,True,True,True,False
AODON003-20,Pyrrhosoma nymphula,Pyrrhosoma,unknown,Pyrrhosoma elisabethae,Pyrrhosoma,Pyrrhosoma elisabethae,Pyrrhosoma elisabethae,-0.0193,True,True,True,True,Pyrrhosoma elisabethae,0.27,True,True,True,False,Pyrrhosoma elisabethae,-0.0231,True,True,True,True,Pyrrhosoma elisabethae,0.354,True,True,True,False
GBMIN88636-17,Pyrrhosoma nymphula,Pyrrhosoma,unknown,Pyrrhosoma elisabethae,Pyrrhosoma,Pyrrhosoma elisabethae,Pyrrhosoma elisabethae,-0.0191,True,True,True,True,Pyrrhosoma elisabethae,0.412,True,True,True,False,Pyrrhosoma elisabethae,-0.0227,True,True,True,True,Pyrrhosoma elisabethae,0.644,False,True,False,False
ROMAC863-22,Pyrrhosoma nymphula,Pyrrhosoma,unknown,Pyrrhosoma elisabethae,Pyrrhosoma,Pyrrhosoma elisabethae,Pyrrhosoma elisabethae,-0.0195,True,True,True,True,Pyrrhosoma elisabethae,0.296,True,True,True,False,Pyrrhosoma elisabethae,-0.0217,True,True,True,True,Pyrrhosoma elisabethae,0.396,True,True,True,False
ARISE3190-26,Pyrrhosoma nymphula,Pyrrhosoma,unknown,Pyrrhosoma elisabethae,Pyrrhosoma,Pyrrhosoma elisabethae,Pyrrhosoma elisabethae,-0.0195,True,True,True,True,Pyrrhosoma elisabethae,0.26,True,True,True,False,Pyrrhosoma elisabethae,-0.0231,True,True,True,True,Pyrrhosoma elisabethae,0.354,True,True,True,False
AODON419-20,Pyrrhosoma nymphula,Pyrrhosoma,unknown,Pyrrhosoma elisabethae,Pyrrhosoma,Pyrrhosoma elisabethae,Pyrrhosoma elisabethae,-0.0195,True,True,True,True,Pyrrhosoma elisabethae,0.278,True,True,True,False,Pyrrhosoma elisabethae,-0.0236,True,True,True,True,Pyrrhosoma elisabethae,0.352,True,True,True,False
AODON348-20,Pyrrhosoma nymphula,Pyrrhosoma,unknown,Pyrrhosoma elisabethae,Pyrrhosoma,Pyrrhosoma elisabethae,Pyrrhosoma elisabethae,-0.0208,True,True,True,True,Pyrrhosoma elisabethae,0.202,True,True,True,True,Pyrrhosoma elisabethae,-0.0246,True,True,True,True,Pyrrhosoma elisabethae,0.326,True,True,True,False
AODON342-20,Pyrrhosoma nymphula,Pyrrhosoma,unknown,Pyrrhosoma elisabethae,Pyrrhosoma,Pyrrhosoma elisabethae,Pyrrhosoma elisabethae,-0.0206,True,True,True,True,Pyrrhosoma elisabethae,0.222,True,True,True,True,Pyrrhosoma elisabethae,-0.0247,True,True,True,True,Pyrrhosoma elisabethae,0.318,True,True,True,False
AODON949-22,Pyrrhosoma nymphula,Pyrrhosoma,unknown,Pyrrhosoma elisabethae,Pyrrhosoma,Pyrrhosoma elisabethae,Pyrrhosoma elisabethae,-0.0203,True,True,True,True,Pyrrhosoma elisabethae,0.238,True,True,True,True,Pyrrhosoma elisabethae,-0.0238,True,True,True,True,Pyrrhosoma elisabethae,0.328,True,True,True,False
GBMIN88635-17,Pyrrhosoma nymphula,Pyrrhosoma,unknown,Pyrrhosoma elisabethae,Pyrrhosoma,Pyrrhosoma elisabethae,Pyrrhosoma elisabethae,-0.0181,True,True,True,True,Pyrrhosoma elisabethae,0.46,True,True,True,False,Pyrrhosoma elisabethae,-0.0223,True,True,True,True,Pyrrhosoma elisabethae,0.642,False,True,False,False
ZPLOD703-20,Selysiothemis nigra,Selysiothemis,known,Selysiothemis nigra,Selysiothemis,Selysiothemis nigra,Selysiothemis nigra,-0.0043,False,False,False,False,Selysiothemis nigra,0.998,False,False,False,False,Selysiothemis nigra,-0.0053,False,False,False,False,Selysiothemis nigra,0.996,False,False,False,False
AODON260-20,Sympetrum danae,Sympetrum,known,Sympetrum danae,Sympetrum,Sympetrum danae,Sympetrum danae,-0.0043,False,False,False,False,Sympetrum danae,0.886,False,False,False,False,Sympetrum danae,-0.0053,False,False,False,False,Sympetrum danae,0.982,False,False,False,False
AODON302-20,Sympetrum danae,Sympetrum,known,Sympetrum danae,Sympetrum,Sympetrum danae,Sympetrum danae,-0.0075,False,False,False,False,Sympetrum danae,0.834,False,False,False,False,Sympetrum danae,-0.0092,False,False,False,False,Sympetrum danae,0.846,False,False,False,False
AODON748-20,Sympetrum danae,Sympetrum,known,Sympetrum danae,Sympetrum,Sympetrum danae,Sympetrum danae,-0.0043,False,False,False,False,Sympetrum danae,0.936,False,False,False,False,Sympetrum danae,-0.0053,False,False,False,False,Sympetrum danae,0.986,False,False,False,False
EDF020-20,Sympetrum depressiusculum,Sympetrum,known,Sympetrum depressiusculum,Sympetrum,Sympetrum depressiusculum,Sympetrum depressiusculum,-0.0015,False,False,False,False,Sympetrum depressiusculum,0.996,False,False,False,False,Sympetrum depressiusculum,-0.0015,False,False,False,False,Sympetrum depressiusculum,0.998,False,False,False,False
BGEPL1787-25,Sympetrum flaveolum,Sympetrum,known,Sympetrum flaveolum,Sympetrum,Sympetrum flaveolum,Sympetrum flaveolum,-0.0037,False,False,False,False,Sympetrum flaveolum,0.994,False,False,False,False,Sympetrum flaveolum,-0.0038,False,False,False,False,Sympetrum flaveolum,1.0,False,False,False,False
AODON201-20,Sympetrum fonscolombii,Sympetrum,known,Sympetrum fonscolombii,Sympetrum,Sympetrum fonscolombii,Sympetrum fonscolombii,-0.0143,True,True,True,False,Sympetrum fonscolombii,0.63,False,False,False,False,Sympetrum fonscolombii,-0.0154,True,True,True,False,Sympetrum fonscolombii,0.86,False,False,False,False
FBAQU517-10,Sympetrum fonscolombii,Sympetrum,known,Sympetrum fonscolombii,Sympetrum,Sympetrum fonscolombii,Sympetrum fonscolombii,-0.0098,False,False,False,False,Sympetrum fonscolombii,0.772,False,False,False,False,Sympetrum fonscolombii,-0.0109,False,False,False,False,Sympetrum fonscolombii,0.91,False,False,False,False
PLSW086-20,Sympetrum fonscolombii,Sympetrum,known,Sympetrum fonscolombii,Sympetrum,Sympetrum fonscolombii,Sympetrum fonscolombii,-0.0043,False,False,False,False,Sympetrum fonscolombii,0.95,False,False,False,False,Sympetrum fonscolombii,-0.0053,False,False,False,False,Sympetrum fonscolombii,0.976,False,False,False,False
ZPLOD839-20,Sympetrum meridionale,Sympetrum,known,Sympetrum meridionale,Sympetrum,Sympetrum meridionale,Sympetrum meridionale,-0.0048,False,False,False,False,Sympetrum meridionale,0.93,False,False,False,False,Sympetrum meridionale,-0.0053,False,False,False,False,Sympetrum meridionale,0.962,False,False,False,False
GBEPT950-14,Sympetrum meridionale,Sympetrum,known,Sympetrum meridionale,Sympetrum,Sympetrum meridionale,Sympetrum meridionale,-0.0206,True,True,True,True,Sympetrum meridionale,0.36,True,True,True,False,Sympetrum meridionale,-0.0226,True,True,True,True,Sympetrum meridionale,0.456,True,True,True,False
AODON377-20,Sympetrum meridionale,Sympetrum,known,Sympetrum meridionale,Sympetrum,Sympetrum meridionale,Sympetrum meridionale,-0.0043,False,False,False,False,Sympetrum meridionale,0.848,False,False,False,False,Sympetrum meridionale,-0.0053,False,False,False,False,Sympetrum meridionale,0.864,False,False,False,False
AODON777-20,Sympetrum meridionale,Sympetrum,known,Sympetrum meridionale,Sympetrum,Sympetrum meridionale,Sympetrum meridionale,-0.0043,False,False,False,False,Sympetrum meridionale,0.914,False,False,False,False,Sympetrum meridionale,-0.0053,False,False,False,False,Sympetrum meridionale,0.972,False,False,False,False
AODON300-20,Sympetrum pedemontanum,Sympetrum,unknown,ambiguous,Sympetrum,Sympetrum meridionale;Sympetrum sanguineum;Sympetrum striolatum;Sympetrum vulgatum,Sympetrum flaveolum,-0.033,True,True,True,True,Leucorrhinia pectoralis,0.138,True,True,True,True,Sympetrum meridionale,-0.0389,True,True,True,True,Sympetrum meridionale,0.11,True,True,True,True
ZPLOD781-20,Sympetrum pedemontanum,Sympetrum,unknown,ambiguous,Sympetrum,Sympetrum meridionale;Sympetrum sanguineum;Sympetrum striolatum;Sympetrum vulgatum,Sympetrum flaveolum,-0.0336,True,True,True,True,Leucorrhinia pectoralis,0.148,True,True,True,True,Sympetrum meridionale,-0.0394,True,True,True,True,Sympetrum meridionale,0.1,True,True,True,True
AODON116-20,Sympetrum pedemontanum,Sympetrum,unknown,ambiguous,Sympetrum,Sympetrum meridionale;Sympetrum sanguineum;Sympetrum striolatum;Sympetrum vulgatum,Sympetrum flaveolum,-0.0339,True,True,True,True,Leucorrhinia pectoralis,0.148,True,True,True,True,Sympetrum meridionale,-0.0392,True,True,True,True,Sympetrum meridionale,0.104,True,True,True,True
AODON141-20,Sympetrum pedemontanum,Sympetrum,unknown,ambiguous,Sympetrum,Sympetrum meridionale;Sympetrum sanguineum;Sympetrum striolatum;Sympetrum vulgatum,Sympetrum meridionale,-0.0327,True,True,True,True,Leucorrhinia pectoralis,0.138,True,True,True,True,Sympetrum meridionale,-0.0386,True,True,True,True,Sympetrum meridionale,0.116,True,True,True,True
AODON876-22,Sympetrum pedemontanum,Sympetrum,unknown,ambiguous,Sympetrum,Sympetrum meridionale;Sympetrum sanguineum;Sympetrum striolatum;Sympetrum vulgatum,Sympetrum flaveolum,-0.0333,True,True,True,True,Leucorrhinia pectoralis,0.134,True,True,True,True,Sympetrum meridionale,-0.0396,True,True,True,True,Sympetrum meridionale,0.098,True,True,True,True
AODON878-22,Sympetrum pedemontanum,Sympetrum,unknown,ambiguous,Sympetrum,Sympetrum meridionale;Sympetrum sanguineum;Sympetrum striolatum;Sympetrum vulgatum,Sympetrum meridionale,-0.0357,True,True,True,True,Leucorrhinia pectoralis,0.166,True,True,True,True,Sympetrum meridionale,-0.0399,True,True,True,True,Sympetrum meridionale,0.102,True,True,True,True
PLSW068-20,Sympetrum sanguineum,Sympetrum,known,Sympetrum sanguineum,Sympetrum,Sympetrum sanguineum,Sympetrum sanguineum,-0.0063,False,False,False,False,Sympetrum sanguineum,0.928,False,False,False,False,Sympetrum sanguineum,-0.0077,False,False,False,False,Sympetrum sanguineum,0.954,False,False,False,False
AODON327-20,Sympetrum sanguineum,Sympetrum,known,Sympetrum sanguineum,Sympetrum,Sympetrum sanguineum,Sympetrum sanguineum,-0.0015,False,False,False,False,Sympetrum sanguineum,0.966,False,False,False,False,Sympetrum sanguineum,-0.0015,False,False,False,False,Sympetrum sanguineum,0.988,False,False,False,False
AODON539-20,Sympetrum sanguineum,Sympetrum,known,Sympetrum sanguineum,Sympetrum,Sympetrum sanguineum,Sympetrum sanguineum,-0.0068,False,False,False,False,Sympetrum sanguineum,0.94,False,False,False,False,Sympetrum sanguineum,-0.0065,False,False,False,False,Sympetrum sanguineum,0.966,False,False,False,False
AODON538-20,Sympetrum sanguineum,Sympetrum,known,Sympetrum sanguineum,Sympetrum,Sympetrum sanguineum,Sympetrum sanguineum,-0.0109,False,True,False,False,Sympetrum sanguineum,0.688,False,False,False,False,Sympetrum sanguineum,-0.0111,False,False,False,False,Sympetrum sanguineum,0.906,False,False,False,False
AODON884-22,Sympetrum sanguineum,Sympetrum,known,Sympetrum sanguineum,Sympetrum,Sympetrum sanguineum,Sympetrum sanguineum,-0.0022,False,False,False,False,Sympetrum sanguineum,0.992,False,False,False,False,Sympetrum sanguineum,-0.0022,False,False,False,False,Sympetrum sanguineum,0.998,False,False,False,False
AODON875-22,Sympetrum sanguineum,Sympetrum,known,Sympetrum sanguineum,Sympetrum,Sympetrum sanguineum,Sympetrum sanguineum,-0.0045,False,False,False,False,Sympetrum sanguineum,0.916,False,False,False,False,Sympetrum sanguineum,-0.0046,False,False,False,False,Sympetrum sanguineum,0.982,False,False,False,False
ODOBP2890-16,Sympetrum sanguineum,Sympetrum,known,Sympetrum sanguineum,Sympetrum,Sympetrum sanguineum,Sympetrum sanguineum,-0.0015,False,False,False,False,Sympetrum sanguineum,0.99,False,False,False,False,Sympetrum sanguineum,-0.0015,False,False,False,False,Sympetrum sanguineum,0.998,False,False,False,False
AODON629-20,Sympetrum striolatum,Sympetrum,known,Sympetrum striolatum,Sympetrum,Sympetrum striolatum,Sympetrum striolatum,-0.0048,False,False,False,False,Sympetrum striolatum,0.95,False,False,False,False,Sympetrum striolatum,-0.0057,False,False,False,False,Sympetrum striolatum,0.972,False,False,False,False
AODON321-20,Sympetrum striolatum,Sympetrum,known,Sympetrum striolatum,Sympetrum,Sympetrum striolatum,Sympetrum striolatum,-0.0074,False,False,False,False,Sympetrum striolatum,0.918,False,False,False,False,Sympetrum striolatum,-0.0075,False,False,False,False,Sympetrum striolatum,0.96,False,False,False,False
TRSKA2788-20,Sympetrum striolatum,Sympetrum,known,Sympetrum striolatum,Sympetrum,Sympetrum striolatum,Sympetrum striolatum,-0.0021,False,False,False,False,Sympetrum striolatum,0.986,False,False,False,False,Sympetrum striolatum,-0.0022,False,False,False,False,Sympetrum striolatum,0.996,False,False,False,False
FBAQU325-09,Sympetrum striolatum,Sympetrum,known,Sympetrum striolatum,Sympetrum,Sympetrum striolatum,Sympetrum striolatum,-0.0015,False,False,False,False,Sympetrum striolatum,0.99,False,False,False,False,Sympetrum striolatum,-0.0015,False,False,False,False,Sympetrum striolatum,0.992,False,False,False,False
ODOBP9074-23,Sympetrum striolatum,Sympetrum,known,Sympetrum striolatum,Sympetrum,Sympetrum striolatum,Sympetrum striolatum,-0.0043,False,False,False,False,Sympetrum striolatum,0.956,False,False,False,False,Sympetrum striolatum,-0.0053,False,False,False,False,Sympetrum striolatum,0.964,False,False,False,False
AODON129-20,Sympetrum striolatum,Sympetrum,known,Sympetrum striolatum,Sympetrum,Sympetrum striolatum,Sympetrum striolatum,-0.0021,False,False,False,False,Sympetrum striolatum,0.996,False,False,False,False,Sympetrum striolatum,-0.0022,False,False,False,False,Sympetrum striolatum,0.998,False,False,False,False
GBMHO3219-19,Sympetrum vulgatum,Sympetrum,known,Sympetrum vulgatum,Sympetrum,Sympetrum vulgatum,Sympetrum vulgatum,-0.0066,False,False,False,False,Sympetrum vulgatum,0.928,False,False,False,False,Sympetrum vulgatum,-0.0082,False,False,False,False,Sympetrum vulgatum,0.966,False,False,False,False
AODON631-20,Sympetrum vulgatum,Sympetrum,known,Sympetrum vulgatum,Sympetrum,Sympetrum vulgatum,Sympetrum vulgatum,-0.0043,False,False,False,False,Sympetrum vulgatum,0.976,False,False,False,False,Sympetrum vulgatum,-0.0053,False,False,False,False,Sympetrum vulgatum,0.982,False,False,False,False
GBMHO3216-19,Sympetrum vulgatum,Sympetrum,known,Sympetrum vulgatum,Sympetrum,Sympetrum vulgatum,Sympetrum vulgatum,-0.0059,False,False,False,False,Sympetrum vulgatum,0.938,False,False,False,False,Sympetrum vulgatum,-0.0073,False,False,False,False,Sympetrum vulgatum,0.976,False,False,False,False
PLSW082-20,Sympetrum vulgatum,Sympetrum,known,Sympetrum vulgatum,Sympetrum,Sympetrum vulgatum,Sympetrum vulgatum,-0.0043,False,False,False,False,Sympetrum vulgatum,0.956,False,False,False,False,Sympetrum vulgatum,-0.0053,False,False,False,False,Sympetrum vulgatum,0.976,False,False,False,False
AODON763-20,Sympetrum vulgatum,Sympetrum,known,Sympetrum vulgatum,Sympetrum,Sympetrum vulgatum,Sympetrum vulgatum,-0.0043,False,False,False,False,Sympetrum vulgatum,0.964,False,False,False,False,Sympetrum vulgatum,-0.0053,False,False,False,False,Sympetrum vulgatum,0.96,False,False,False,False
AODON111-20,Sympetrum vulgatum,Sympetrum,known,Sympetrum vulgatum,Sympetrum,Sympetrum vulgatum,Sympetrum vulgatum,-0.0043,False,False,False,False,Sympetrum vulgatum,0.944,False,False,False,False,Sympetrum vulgatum,-0.0053,False,False,False,False,Sympetrum vulgatum,0.988,False,False,False,False
GBMHO3215-19,Sympetrum vulgatum,Sympetrum,known,Sympetrum vulgatum,Sympetrum,Sympetrum vulgatum,Sympetrum vulgatum,-0.004,False,False,False,False,Sympetrum vulgatum,0.844,False,False,False,False,Sympetrum vulgatum,-0.004,False,False,False,False,Sympetrum vulgatum,0.942,False,False,False,False
ZPLOD811-20,Trithemis annulata,Trithemis,known,Trithemis annulata,Trithemis,Trithemis annulata,Trithemis annulata,-0.0043,False,False,False,False,Trithemis annulata,0.936,False,False,False,False,Trithemis annulata,-0.0053,False,False,False,False,Trithemis annulata,0.934,False,False,False,False
