query_id,true_species,true_genus,query_type,nj_predicted_species,nj_predicted_genus,nj_ref_species_in_clade,knn_k4_predicted_species,knn_k4_confidence,knn_k4_flagged_unknown,knn_k4_flagged_at_90,knn_k4_flagged_at_95,knn_k4_flagged_at_99,rf_k4_predicted_species,rf_k4_confidence,rf_k4_flagged_unknown,rf_k4_flagged_at_90,rf_k4_flagged_at_95,rf_k4_flagged_at_99,knn_k6_predicted_species,knn_k6_confidence,knn_k6_flagged_unknown,knn_k6_flagged_at_90,knn_k6_flagged_at_95,knn_k6_flagged_at_99,rf_k6_predicted_species,rf_k6_confidence,rf_k6_flagged_unknown,rf_k6_flagged_at_90,rf_k6_flagged_at_95,rf_k6_flagged_at_99
ZPLOD127-20,Ceriagrion tenellum,Ceriagrion,known,Ceriagrion tenellum,Ceriagrion,Ceriagrion tenellum,Ceriagrion tenellum,-0.0061,False,False,False,False,Ceriagrion tenellum,0.93,False,False,False,False,Ceriagrion tenellum,-0.0075,False,False,False,False,Ceriagrion tenellum,0.982,False,False,False,False
DTNHM3572-21,Ceriagrion tenellum,Ceriagrion,known,Ceriagrion tenellum,Ceriagrion,Ceriagrion tenellum,Ceriagrion tenellum,-0.0043,False,False,False,False,Ceriagrion tenellum,0.966,False,False,False,False,Ceriagrion tenellum,-0.0053,False,False,False,False,Ceriagrion tenellum,1.0,False,False,False,False
LEFIJ29506-22,Coenagrion armatum,Coenagrion,known,Coenagrion armatum,Coenagrion,Coenagrion armatum,Coenagrion armatum,-0.0078,False,False,False,False,Coenagrion armatum,0.714,False,False,False,False,Coenagrion armatum,-0.0096,False,False,False,False,Coenagrion armatum,0.91,False,False,False,False
ZPLOD192-20,Coenagrion caerulescens,Coenagrion,known,Coenagrion caerulescens,Coenagrion,Coenagrion caerulescens,Coenagrion caerulescens,-0.0043,False,False,False,False,Coenagrion caerulescens,0.978,False,False,False,False,Coenagrion caerulescens,-0.0053,False,False,False,False,Coenagrion caerulescens,0.986,False,False,False,False
ZPLOD194-20,Coenagrion caerulescens,Coenagrion,known,Coenagrion caerulescens,Coenagrion,Coenagrion caerulescens,Coenagrion caerulescens,-0.0061,False,False,False,False,Coenagrion caerulescens,0.922,False,False,False,False,Coenagrion caerulescens,-0.0075,False,False,False,False,Coenagrion caerulescens,0.932,False,False,False,False
AODON405-20,Coenagrion hastulatum,Coenagrion,known,Coenagrion hastulatum,Coenagrion,Coenagrion hastulatum,Coenagrion hastulatum,-0.0021,False,False,False,False,Coenagrion hastulatum,0.998,False,False,False,False,Coenagrion hastulatum,-0.0022,False,False,False,False,Coenagrion hastulatum,0.998,False,False,False,False
PLSW010-20,Coenagrion hastulatum,Coenagrion,known,Coenagrion hastulatum,Coenagrion,Coenagrion hastulatum,Coenagrion hastulatum,-0.0044,False,False,False,False,Coenagrion hastulatum,0.888,False,False,False,False,Coenagrion hastulatum,-0.0049,False,False,False,False,Coenagrion hastulatum,0.9,False,False,False,False
AODON946-22,Coenagrion hastulatum,Coenagrion,known,Coenagrion hastulatum,Coenagrion,Coenagrion hastulatum,Coenagrion hastulatum,-0.0066,False,False,False,False,Coenagrion hastulatum,0.91,False,False,False,False,Coenagrion hastulatum,-0.0063,False,False,False,False,Coenagrion hastulatum,0.984,False,False,False,False
AODON859-22,Coenagrion hastulatum,Coenagrion,known,Coenagrion hastulatum,Coenagrion,Coenagrion hastulatum,Coenagrion hastulatum,-0.0059,False,False,False,False,Coenagrion hastulatum,0.984,False,False,False,False,Coenagrion hastulatum,-0.0077,False,False,False,False,Coenagrion hastulatum,0.964,False,False,False,False
AODON425-20,Coenagrion hastulatum,Coenagrion,known,Coenagrion hastulatum,Coenagrion,Coenagrion hastulatum,Coenagrion hastulatum,-0.0048,False,False,False,False,Coenagrion hastulatum,0.884,False,False,False,False,Coenagrion hastulatum,-0.0057,False,False,False,False,Coenagrion hastulatum,0.968,False,False,False,False
AODON483-20,Coenagrion hastulatum,Coenagrion,known,Coenagrion hastulatum,Coenagrion,Coenagrion hastulatum,Coenagrion hastulatum,-0.0072,False,False,False,False,Coenagrion hastulatum,0.878,False,False,False,False,Coenagrion hastulatum,-0.0088,False,False,False,False,Coenagrion hastulatum,0.93,False,False,False,False
GBMNC60714-20,Coenagrion hastulatum,Coenagrion,known,Coenagrion hastulatum,Coenagrion,Coenagrion hastulatum,Coenagrion hastulatum,-0.0069,False,False,False,False,Coenagrion hastulatum,0.886,False,False,False,False,Coenagrion hastulatum,-0.0069,False,False,False,False,Coenagrion hastulatum,0.966,False,False,False,False
ODTRI007-14,Coenagrion johanssoni,Coenagrion,known,Coenagrion johanssoni,Coenagrion,Coenagrion johanssoni,Coenagrion johanssoni,-0.009,False,False,False,False,Coenagrion johanssoni,0.742,False,False,False,False,Coenagrion johanssoni,-0.0094,False,False,False,False,Coenagrion johanssoni,0.748,False,False,False,False
LEFIJ29511-22,Coenagrion lunulatum,Coenagrion,unknown,Coenagrion armatum,Coenagrion,Coenagrion armatum,Coenagrion hastulatum,-0.0252,True,True,True,True,Coenagrion armatum,0.192,True,True,True,True,Coenagrion hastulatum,-0.0317,True,True,True,True,Coenagrion armatum,0.174,True,True,True,True
ODOBP5328-16,Coenagrion lunulatum,Coenagrion,unknown,Coenagrion armatum,Coenagrion,Coenagrion armatum,Coenagrion hastulatum,-0.0254,True,True,True,True,Coenagrion armatum,0.196,True,True,True,True,Coenagrion hastulatum,-0.0322,True,True,True,True,Coenagrion armatum,0.15,True,True,True,True
LEFIJ7811-18,Coenagrion lunulatum,Coenagrion,unknown,Coenagrion armatum,Coenagrion,Coenagrion armatum,Coenagrion hastulatum,-0.0274,True,True,True,True,Coenagrion armatum,0.158,True,True,True,True,Coenagrion hastulatum,-0.0306,True,True,True,True,Coenagrion armatum,0.266,True,True,True,True
ODOBP5327-16,Coenagrion lunulatum,Coenagrion,unknown,Coenagrion armatum,Coenagrion,Coenagrion armatum,Coenagrion hastulatum,-0.0252,True,True,True,True,Coenagrion armatum,0.202,True,True,True,True,Coenagrion hastulatum,-0.0323,True,True,True,True,Coenagrion armatum,0.146,True,True,True,True
AODON917-22,Coenagrion mercuriale,Coenagrion,known,Coenagrion mercuriale,Coenagrion,Coenagrion mercuriale,Coenagrion mercuriale,-0.0165,True,True,True,False,Coenagrion mercuriale,0.684,False,False,False,False,Coenagrion mercuriale,-0.0192,True,True,True,True,Coenagrion mercuriale,0.572,False,True,False,False
GBMIN88583-17,Coenagrion mercuriale,Coenagrion,known,Coenagrion mercuriale,Coenagrion,Coenagrion mercuriale,Coenagrion mercuriale,-0.0021,False,False,False,False,Coenagrion mercuriale,0.978,False,False,False,False,Coenagrion mercuriale,-0.0021,False,False,False,False,Coenagrion mercuriale,0.992,False,False,False,False
FBAQU1446-13,Coenagrion ornatum,Coenagrion,known,ambiguous,Coenagrion,Coenagrion ornatum;Coenagrion puella;Coenagrion pulchellum,Coenagrion puella,-0.0043,False,False,False,False,Coenagrion ornatum,0.6916,False,False,False,False,Coenagrion puella,-0.0053,False,False,False,False,Coenagrion ornatum,0.7751,False,False,False,False
ZPLOD212-20,Coenagrion ornatum,Coenagrion,known,ambiguous,Coenagrion,Coenagrion ornatum;Coenagrion puella;Coenagrion pulchellum,Coenagrion pulchellum,-0.0086,False,False,False,False,Coenagrion pulchellum,0.4442,True,True,True,False,Coenagrion pulchellum,-0.0106,False,False,False,False,Coenagrion pulchellum,0.4825,True,True,True,False
GBMIN88597-17,Coenagrion puella,Coenagrion,known,Coenagrion puella,Coenagrion,Coenagrion puella,Coenagrion puella,-0.0047,False,False,False,False,Coenagrion puella,0.7266,False,False,False,False,Coenagrion puella,-0.0057,False,False,False,False,Coenagrion puella,0.742,False,False,False,False
AODON229-20,Coenagrion puella,Coenagrion,known,ambiguous,Coenagrion,Coenagrion puella;Coenagrion pulchellum,Coenagrion puella,-0.0048,False,False,False,False,Coenagrion ornatum,0.717,False,False,False,False,Coenagrion puella,-0.0057,False,False,False,False,Coenagrion ornatum,0.7888,False,False,False,False
AODON423-20,Coenagrion puella,Coenagrion,known,ambiguous,Coenagrion,Coenagrion ornatum;Coenagrion pulchellum,Coenagrion ornatum,-0.0,False,False,False,False,Coenagrion ornatum,0.8923,False,False,False,False,Coenagrion ornatum,-0.0,False,False,False,False,Coenagrion ornatum,0.8933,False,False,False,False
LEFIJ7808-18,Coenagrion puella,Coenagrion,known,ambiguous,Coenagrion,Coenagrion ornatum;Coenagrion puella;Coenagrion pulchellum,Coenagrion puella,-0.0022,False,False,False,False,Coenagrion puella,0.5927,False,False,False,False,Coenagrion puella,-0.0022,False,False,False,False,Coenagrion puella,0.4981,True,True,True,False
AODON620-20,Coenagrion puella,Coenagrion,known,Coenagrion pulchellum,Coenagrion,Coenagrion pulchellum,Coenagrion puella,-0.0051,False,False,False,False,Coenagrion ornatum,0.7758,False,False,False,False,Coenagrion ornatum,-0.0055,False,False,False,False,Coenagrion ornatum,0.8139,False,False,False,False
ZPLOD233-20,Coenagrion puella,Coenagrion,known,Coenagrion puella,Coenagrion,Coenagrion puella,Coenagrion puella,-0.0037,False,False,False,False,Coenagrion ornatum,0.7566,False,False,False,False,Coenagrion puella,-0.0053,False,False,False,False,Coenagrion ornatum,0.7542,False,False,False,False
GBODO125-18,Coenagrion puella,Coenagrion,known,ambiguous,Coenagrion,Coenagrion puella;Coenagrion pulchellum,Coenagrion puella,-0.0077,False,False,False,False,Coenagrion puella,0.6448,False,False,False,False,Coenagrion puella,-0.0092,False,False,False,False,Coenagrion puella,0.6116,False,False,False,False
GBODO079-18,Coenagrion puella,Coenagrion,known,Coenagrion puella,Coenagrion,Coenagrion puella,Coenagrion puella,-0.0058,False,False,False,False,Coenagrion puella,0.6888,False,False,False,False,Coenagrion puella,-0.0076,False,False,False,False,Coenagrion puella,0.5815,False,True,False,False
GBODO078-18,Coenagrion puella,Coenagrion,known,Coenagrion pulchellum,Coenagrion,Coenagrion pulchellum,Coenagrion pulchellum,-0.0092,False,False,False,False,Coenagrion puella,0.5403,False,True,False,False,Coenagrion puella,-0.0126,True,True,True,False,Coenagrion puella,0.6099,False,False,False,False
ZPLOD227-20,Coenagrion puella,Coenagrion,known,Coenagrion pulchellum,Coenagrion,Coenagrion pulchellum,Coenagrion pulchellum,-0.0061,False,False,False,False,Coenagrion pulchellum,0.6284,False,False,False,False,Coenagrion pulchellum,-0.0075,False,False,False,False,Coenagrion pulchellum,0.7067,False,False,False,False
ODOPL104-19,Coenagrion puella,Coenagrion,known,Coenagrion puella,Coenagrion,Coenagrion puella,Coenagrion puella,-0.0045,False,False,False,False,Coenagrion puella,0.8048,False,False,False,False,Coenagrion puella,-0.0039,False,False,False,False,Coenagrion puella,0.8303,False,False,False,False
AODON172-20,Coenagrion puella,Coenagrion,known,Coenagrion ornatum,Coenagrion,Coenagrion ornatum,Coenagrion puella,-0.0085,False,False,False,False,Coenagrion ornatum,0.3651,True,True,True,False,Coenagrion puella,-0.0093,False,False,False,False,Coenagrion puella,0.4296,True,True,True,False
ZPLOD234-20,Coenagrion puella,Coenagrion,known,Coenagrion pulchellum,Coenagrion,Coenagrion pulchellum,Coenagrion pulchellum,-0.0043,False,False,False,False,Coenagrion ornatum,0.6993,False,False,False,False,Coenagrion pulchellum,-0.0053,False,False,False,False,Coenagrion ornatum,0.8191,False,False,False,False
HMYZ210-23,Coenagrion puella,Coenagrion,known,Coenagrion puella,Coenagrion,Coenagrion puella,Coenagrion puella,-0.0075,False,False,False,False,Coenagrion puella,0.4175,True,True,True,False,Coenagrion puella,-0.008,False,False,False,False,Coenagrion puella,0.5016,False,True,False,False
AODON179-20,Coenagrion puella,Coenagrion,known,ambiguous,Coenagrion,Coenagrion ornatum;Coenagrion pulchellum,Coenagrion puella,-0.0092,False,False,False,False,Coenagrion ornatum,0.4438,True,True,True,False,Coenagrion puella,-0.0103,False,False,False,False,Coenagrion ornatum,0.7248,False,False,False,False
DTNHM8462-23,Coenagrion pulchellum,Coenagrion,known,ambiguous,Coenagrion,Coenagrion ornatum;Coenagrion puella;Coenagrion pulchellum,Coenagrion pulchellum,-0.0043,False,False,False,False,Coenagrion ornatum,0.6207,False,False,False,False,Coenagrion pulchellum,-0.0053,False,False,False,False,Coenagrion ornatum,0.7231,False,False,False,False
AODON883-22,Coenagrion pulchellum,Coenagrion,known,Coenagrion puella,Coenagrion,Coenagrion puella,Coenagrion puella,-0.0015,False,False,False,False,Coenagrion puella,0.4242,True,True,True,False,Coenagrion puella,-0.0015,False,False,False,False,Coenagrion puella,0.3929,True,True,True,False
AODON186-20,Coenagrion pulchellum,Coenagrion,known,Coenagrion pulchellum,Coenagrion,Coenagrion pulchellum,Coenagrion pulchellum,-0.0098,False,False,False,False,Coenagrion pulchellum,0.5217,False,True,False,False,Coenagrion pulchellum,-0.0097,False,False,False,False,Coenagrion pulchellum,0.8145,False,False,False,False
LEFIJ15498-21,Coenagrion pulchellum,Coenagrion,known,ambiguous,Coenagrion,Coenagrion ornatum;Coenagrion puella;Coenagrion pulchellum,Coenagrion pulchellum,-0.0099,False,False,False,False,Coenagrion pulchellum,0.4541,True,True,True,False,Coenagrion pulchellum,-0.0121,False,True,False,False,Coenagrion pulchellum,0.5239,False,True,False,False
AODON004-20,Coenagrion pulchellum,Coenagrion,known,Coenagrion pulchellum,Coenagrion,Coenagrion pulchellum,Coenagrion pulchellum,-0.0057,False,False,False,False,Coenagrion pulchellum,0.8334,False,False,False,False,Coenagrion pulchellum,-0.0053,False,False,False,False,Coenagrion pulchellum,0.8561,False,False,False,False
AODON398-20,Coenagrion pulchellum,Coenagrion,known,Coenagrion pulchellum,Coenagrion,Coenagrion pulchellum,Coenagrion pulchellum,-0.0043,False,False,False,False,Coenagrion pulchellum,0.8106,False,False,False,False,Coenagrion pulchellum,-0.0053,False,False,False,False,Coenagrion pulchellum,0.8705,False,False,False,False
LEFIJ5908-17,Coenagrion pulchellum,Coenagrion,known,ambiguous,Coenagrion,Coenagrion ornatum;Coenagrion puella;Coenagrion pulchellum,Coenagrion puella,-0.008,False,False,False,False,Coenagrion puella,0.4287,True,True,True,False,Coenagrion pulchellum,-0.0087,False,False,False,False,Coenagrion puella,0.5461,False,True,False,False
PLSW019-20,Coenagrion pulchellum,Coenagrion,known,Coenagrion pulchellum,Coenagrion,Coenagrion pulchellum,Coenagrion pulchellum,-0.0057,False,False,False,False,Coenagrion pulchellum,0.78,False,False,False,False,Coenagrion pulchellum,-0.0075,False,False,False,False,Coenagrion pulchellum,0.8081,False,False,False,False
AODON365-20,Coenagrion pulchellum,Coenagrion,known,Coenagrion pulchellum,Coenagrion,Coenagrion pulchellum,Coenagrion pulchellum,-0.0076,False,False,False,False,Coenagrion pulchellum,0.7213,False,False,False,False,Coenagrion pulchellum,-0.0083,False,False,False,False,Coenagrion pulchellum,0.8572,False,False,False,False
GBEPT903-14,Coenagrion pulchellum,Coenagrion,known,Coenagrion pulchellum,Coenagrion,Coenagrion pulchellum,Coenagrion pulchellum,-0.0061,False,False,False,False,Coenagrion pulchellum,0.7872,False,False,False,False,Coenagrion pulchellum,-0.0075,False,False,False,False,Coenagrion pulchellum,0.7474,False,False,False,False
TRSKA2839-20,Coenagrion scitulum,Coenagrion,known,Coenagrion scitulum,Coenagrion,Coenagrion scitulum,Coenagrion scitulum,-0.0049,False,False,False,False,Coenagrion scitulum,0.966,False,False,False,False,Coenagrion scitulum,-0.0062,False,False,False,False,Coenagrion scitulum,0.986,False,False,False,False
TRSKA2848-20,Coenagrion scitulum,Coenagrion,known,Coenagrion scitulum,Coenagrion,Coenagrion scitulum,Coenagrion scitulum,-0.0048,False,False,False,False,Coenagrion scitulum,0.968,False,False,False,False,Coenagrion scitulum,-0.0057,False,False,False,False,Coenagrion scitulum,0.966,False,False,False,False
TRSKA2841-20,Coenagrion scitulum,Coenagrion,known,Coenagrion scitulum,Coenagrion,Coenagrion scitulum,Coenagrion scitulum,-0.0021,False,False,False,False,Coenagrion scitulum,0.984,False,False,False,False,Coenagrion scitulum,-0.0022,False,False,False,False,Coenagrion scitulum,0.998,False,False,False,False
AODON168-20,Crocothemis erythraea,Crocothemis,known,Crocothemis erythraea,Crocothemis,Crocothemis erythraea,Crocothemis erythraea,-0.0082,False,False,False,False,Crocothemis erythraea,0.716,False,False,False,False,Crocothemis erythraea,-0.0101,False,False,False,False,Crocothemis erythraea,0.846,False,False,False,False
AODON373-20,Crocothemis erythraea,Crocothemis,known,Crocothemis erythraea,Crocothemis,Crocothemis erythraea,Crocothemis erythraea,-0.0061,False,False,False,False,Crocothemis erythraea,0.948,False,False,False,False,Crocothemis erythraea,-0.0075,False,False,False,False,Crocothemis erythraea,0.986,False,False,False,False
AODON371-20,Crocothemis erythraea,Crocothemis,known,Crocothemis erythraea,Crocothemis,Crocothemis erythraea,Crocothemis erythraea,-0.0061,False,False,False,False,Crocothemis erythraea,0.93,False,False,False,False,Crocothemis erythraea,-0.0075,False,False,False,False,Crocothemis erythraea,0.978,False,False,False,False
PLSW069-20,Crocothemis erythraea,Crocothemis,known,Crocothemis erythraea,Crocothemis,Crocothemis erythraea,Crocothemis erythraea,-0.0046,False,False,False,False,Crocothemis erythraea,0.976,False,False,False,False,Crocothemis erythraea,-0.0053,False,False,False,False,Crocothemis erythraea,0.974,False,False,False,False
FBAQU312-09,Crocothemis erythraea,Crocothemis,known,Crocothemis erythraea,Crocothemis,Crocothemis erythraea,Crocothemis erythraea,-0.0043,False,False,False,False,Crocothemis erythraea,0.898,False,False,False,False,Crocothemis erythraea,-0.0053,False,False,False,False,Crocothemis erythraea,0.978,False,False,False,False
ZPLOD822-20,Crocothemis erythraea,Crocothemis,known,Crocothemis erythraea,Crocothemis,Crocothemis erythraea,Crocothemis erythraea,-0.0043,False,False,False,False,Crocothemis erythraea,0.988,False,False,False,False,Crocothemis erythraea,-0.0053,False,False,False,False,Crocothemis erythraea,0.992,False,False,False,False
TRSKA2100-20,Crocothemis erythraea,Crocothemis,known,Crocothemis erythraea,Crocothemis,Crocothemis erythraea,Crocothemis erythraea,-0.0026,False,False,False,False,Crocothemis erythraea,0.992,False,False,False,False,Crocothemis erythraea,-0.0026,False,False,False,False,Crocothemis erythraea,0.992,False,False,False,False
TRSKA2101-20,Crocothemis erythraea,Crocothemis,known,Crocothemis erythraea,Crocothemis,Crocothemis erythraea,Crocothemis erythraea,-0.0026,False,False,False,False,Crocothemis erythraea,0.988,False,False,False,False,Crocothemis erythraea,-0.0027,False,False,False,False,Crocothemis erythraea,0.98,False,False,False,False
AODON110-20,Enallagma cyathigerum,Enallagma,known,Enallagma cyathigerum,Enallagma,Enallagma cyathigerum,Enallagma cyathigerum,-0.0021,False,False,False,False,Enallagma cyathigerum,0.992,False,False,False,False,Enallagma cyathigerum,-0.0022,False,False,False,False,Enallagma cyathigerum,0.998,False,False,False,False
BGEPL1717-25,Enallagma cyathigerum,Enallagma,known,Enallagma cyathigerum,Enallagma,Enallagma cyathigerum,Enallagma cyathigerum,-0.0021,False,False,False,False,Enallagma cyathigerum,0.994,False,False,False,False,Enallagma cyathigerum,-0.0022,False,False,False,False,Enallagma cyathigerum,1.0,False,False,False,False
AODON937-22,Enallagma cyathigerum,Enallagma,known,Enallagma cyathigerum,Enallagma,Enallagma cyathigerum,Enallagma cyathigerum,-0.0073,False,False,False,False,Enallagma cyathigerum,0.86,False,False,False,False,Enallagma cyathigerum,-0.0087,False,False,False,False,Enallagma cyathigerum,0.89,False,False,False,False
AODON384-20,Enallagma cyathigerum,Enallagma,known,Enallagma cyathigerum,Enallagma,Enallagma cyathigerum,Enallagma cyathigerum,-0.0055,False,False,False,False,Enallagma cyathigerum,0.96,False,False,False,False,Enallagma cyathigerum,-0.0072,False,False,False,False,Enallagma cyathigerum,0.988,False,False,False,False
GBODO024-18,Enallagma cyathigerum,Enallagma,known,Enallagma cyathigerum,Enallagma,Enallagma cyathigerum,Enallagma cyathigerum,-0.003,False,False,False,False,Enallagma cyathigerum,0.984,False,False,False,False,Enallagma cyathigerum,-0.0038,False,False,False,False,Enallagma cyathigerum,0.992,False,False,False,False
GBODO076-18,Enallagma cyathigerum,Enallagma,known,Enallagma cyathigerum,Enallagma,Enallagma cyathigerum,Enallagma cyathigerum,-0.0038,False,False,False,False,Enallagma cyathigerum,0.994,False,False,False,False,Enallagma cyathigerum,-0.0044,False,False,False,False,Enallagma cyathigerum,0.994,False,False,False,False
AODON864-22,Enallagma cyathigerum,Enallagma,known,Enallagma cyathigerum,Enallagma,Enallagma cyathigerum,Enallagma cyathigerum,-0.0015,False,False,False,False,Enallagma cyathigerum,0.946,False,False,False,False,Enallagma cyathigerum,-0.0015,False,False,False,False,Enallagma cyathigerum,0.99,False,False,False,False
BGEPL3233-25,Enallagma cyathigerum,Enallagma,known,Enallagma cyathigerum,Enallagma,Enallagma cyathigerum,Enallagma cyathigerum,-0.0021,False,False,False,False,Enallagma cyathigerum,0.966,False,False,False,False,Enallagma cyathigerum,-0.0022,False,False,False,False,Enallagma cyathigerum,0.988,False,False,False,False
ODOPL101-19,Enallagma cyathigerum,Enallagma,known,Enallagma cyathigerum,Enallagma,Enallagma cyathigerum,Enallagma cyathigerum,-0.007,False,False,False,False,Enallagma cyathigerum,0.838,False,False,False,False,Enallagma cyathigerum,-0.0087,False,False,False,False,Enallagma cyathigerum,0.938,False,False,False,False
BGEPL1745-25,Enallagma cyathigerum,Enallagma,known,Enallagma cyathigerum,Enallagma,Enallagma cyathigerum,Enallagma cyathigerum,-0.0043,False,False,False,False,Enallagma cyathigerum,0.964,False,False,False,False,Enallagma cyathigerum,-0.0053,False,False,False,False,Enallagma cyathigerum,0.968,False,False,False,False
LEFIJ7803-18,Enallagma cyathigerum,Enallagma,known,Enallagma cyathigerum,Enallagma,Enallagma cyathigerum,Enallagma cyathigerum,-0.0025,False,False,False,False,Enallagma cyathigerum,0.992,False,False,False,False,Enallagma cyathigerum,-0.0027,False,False,False,False,Enallagma cyathigerum,0.992,False,False,False,False
AODON874-22,Enallagma cyathigerum,Enallagma,known,Enallagma cyathigerum,Enallagma,Enallagma cyathigerum,Enallagma cyathigerum,-0.0032,False,False,False,False,Enallagma cyathigerum,0.996,False,False,False,False,Enallagma cyathigerum,-0.0034,False,False,False,False,Enallagma cyathigerum,0.99,False,False,False,False
AODON288-20,Enallagma cyathigerum,Enallagma,known,Enallagma cyathigerum,Enallagma,Enallagma cyathigerum,Enallagma cyathigerum,-0.0037,False,False,False,False,Enallagma cyathigerum,0.962,False,False,False,False,Enallagma cyathigerum,-0.0053,False,False,False,False,Enallagma cyathigerum,0.962,False,False,False,False
ODOPL100-19,Enallagma cyathigerum,Enallagma,known,Enallagma cyathigerum,Enallagma,Enallagma cyathigerum,Enallagma cyathigerum,-0.0039,False,False,False,False,Enallagma cyathigerum,0.86,False,False,False,False,Enallagma cyathigerum,-0.0039,False,False,False,False,Enallagma cyathigerum,0.938,False,False,False,False
GODO013-18,Enallagma cyathigerum,Enallagma,known,Enallagma cyathigerum,Enallagma,Enallagma cyathigerum,Enallagma cyathigerum,-0.0021,False,False,False,False,Enallagma cyathigerum,0.972,False,False,False,False,Enallagma cyathigerum,-0.0022,False,False,False,False,Enallagma cyathigerum,1.0,False,False,False,False
ODTRI011-14,Enallagma cyathigerum,Enallagma,known,Enallagma cyathigerum,Enallagma,Enallagma cyathigerum,Enallagma cyathigerum,-0.0056,False,False,False,False,Enallagma cyathigerum,0.774,False,False,False,False,Enallagma cyathigerum,-0.005,False,False,False,False,Enallagma cyathigerum,0.93,False,False,False,False
TRSKA2664-20,Erythromma lindenii,Erythromma,known,Erythromma lindenii,Erythromma,Erythromma lindenii,Erythromma lindenii,-0.0067,False,False,False,False,Erythromma lindenii,0.912,False,False,False,False,Erythromma lindenii,-0.0059,False,False,False,False,Erythromma lindenii,0.97,False,False,False,False
TRSKA2053-20,Erythromma lindenii,Erythromma,known,Erythromma lindenii,Erythromma,Erythromma lindenii,Erythromma lindenii,-0.0015,False,False,False,False,Erythromma lindenii,0.99,False,False,False,False,Erythromma lindenii,-0.0015,False,False,False,False,Erythromma lindenii,0.998,False,False,False,False
ODOBP3575-16,Erythromma lindenii,Erythromma,known,Erythromma lindenii,Erythromma,Erythromma lindenii,Erythromma lindenii,-0.0043,False,False,False,False,Erythromma lindenii,0.954,False,False,False,False,Erythromma lindenii,-0.0053,False,False,False,False,Erythromma lindenii,0.942,False,False,False,False
ZPLOD385-20,Erythromma lindenii,Erythromma,known,Erythromma lindenii,Erythromma,Erythromma lindenii,Erythromma lindenii,-0.0043,False,False,False,False,Erythromma lindenii,0.954,False,False,False,False,Erythromma lindenii,-0.0053,False,False,False,False,Erythromma lindenii,0.978,False,False,False,False
TRSKA2054-20,Erythromma lindenii,Erythromma,known,Erythromma lindenii,Erythromma,Erythromma lindenii,Erythromma lindenii,-0.0022,False,False,False,False,Erythromma lindenii,0.984,False,False,False,False,Erythromma lindenii,-0.0022,False,False,False,False,Erythromma lindenii,0.994,False,False,False,False
TRSKA2777-20,Erythromma lindenii,Erythromma,known,Erythromma lindenii,Erythromma,Erythromma lindenii,Erythromma lindenii,-0.0015,False,False,False,False,Erythromma lindenii,0.942,False,False,False,False,Erythromma lindenii,-0.0015,False,False,False,False,Erythromma lindenii,0.982,False,False,False,False
ZPLOD379-20,Erythromma lindenii,Erythromma,known,Erythromma lindenii,Erythromma,Erythromma lindenii,Erythromma lindenii,-0.0061,False,False,False,False,Erythromma lindenii,0.902,False,False,False,False,Erythromma lindenii,-0.0075,False,False,False,False,Erythromma lindenii,0.948,False,False,False,False
ZPLOD823-20,Erythromma lindenii,Erythromma,known,Erythromma lindenii,Erythromma,Erythromma lindenii,Erythromma lindenii,-0.0026,False,False,False,False,Erythromma lindenii,0.922,False,False,False,False,Erythromma lindenii,-0.0027,False,False,False,False,Erythromma lindenii,0.958,False,False,False,False
GBMND63119-21,Erythromma lindenii,Erythromma,known,Erythromma lindenii,Erythromma,Erythromma lindenii,Erythromma lindenii,-0.0015,False,False,False,False,Erythromma lindenii,0.984,False,False,False,False,Erythromma lindenii,-0.0015,False,False,False,False,Erythromma lindenii,1.0,False,False,False,False
TRSKA2008-20,Erythromma lindenii,Erythromma,known,Erythromma lindenii,Erythromma,Erythromma lindenii,Erythromma lindenii,-0.0021,False,False,False,False,Erythromma lindenii,0.952,False,False,False,False,Erythromma lindenii,-0.0022,False,False,False,False,Erythromma lindenii,0.962,False,False,False,False
ODOBP5490-16,Erythromma lindenii,Erythromma,known,Erythromma lindenii,Erythromma,Erythromma lindenii,Erythromma lindenii,-0.0043,False,False,False,False,Erythromma lindenii,0.92,False,False,False,False,Erythromma lindenii,-0.0053,False,False,False,False,Erythromma lindenii,0.992,False,False,False,False
TRSKA2727-20,Erythromma lindenii,Erythromma,known,Erythromma lindenii,Erythromma,Erythromma lindenii,Erythromma lindenii,-0.0026,False,False,False,False,Erythromma lindenii,0.92,False,False,False,False,Erythromma lindenii,-0.0027,False,False,False,False,Erythromma lindenii,0.98,False,False,False,False
TRSKA2724-20,Erythromma lindenii,Erythromma,known,Erythromma lindenii,Erythromma,Erythromma lindenii,Erythromma lindenii,-0.0015,False,False,False,False,Erythromma lindenii,0.926,False,False,False,False,Erythromma lindenii,-0.0015,False,False,False,False,Erythromma lindenii,0.978,False,False,False,False
LEFIJ15501-21,Erythromma najas,Erythromma,unknown,Erythromma viridulum,Erythromma,Erythromma viridulum,Coenagrion hastulatum,-0.0334,True,True,True,True,Coenagrion caerulescens,0.09,True,True,True,True,Erythromma lindenii,-0.0416,True,True,True,True,Erythromma lindenii,0.134,True,True,True,True
GBMH3375-07,Erythromma najas,Erythromma,unknown,Erythromma viridulum,Erythromma,Erythromma viridulum,Erythromma lindenii,-0.0348,True,True,True,True,Erythromma viridulum,0.098,True,True,True,True,Erythromma lindenii,-0.0428,True,True,True,True,Erythromma lindenii,0.124,True,True,True,True
ODOPL010-18,Erythromma najas,Erythromma,unknown,Erythromma viridulum,Erythromma,Erythromma viridulum,Enallagma cyathigerum,-0.0355,True,True,True,True,Erythromma viridulum,0.104,True,True,True,True,Erythromma lindenii,-0.0434,True,True,True,True,Erythromma lindenii,0.122,True,True,True,True
AODON618-20,Erythromma najas,Erythromma,unknown,Erythromma viridulum,Erythromma,Erythromma viridulum,Erythromma viridulum,-0.0333,True,True,True,True,Erythromma viridulum,0.122,True,True,True,True,Erythromma viridulum,-0.0413,True,True,True,True,Erythromma lindenii,0.124,True,True,True,True
AODON700-20,Erythromma najas,Erythromma,unknown,Erythromma viridulum,Erythromma,Erythromma viridulum,Erythromma viridulum,-0.0333,True,True,True,True,Erythromma viridulum,0.134,True,True,True,True,Erythromma lindenii,-0.0412,True,True,True,True,Erythromma lindenii,0.13,True,True,True,True
SHAP981-23,Erythromma najas,Erythromma,unknown,Erythromma viridulum,Erythromma,Erythromma viridulum,Erythromma viridulum,-0.0335,True,True,True,True,Erythromma viridulum,0.134,True,True,True,True,Erythromma viridulum,-0.0415,True,True,True,True,Erythromma lindenii,0.128,True,True,True,True
AODON619-20,Erythromma najas,Erythromma,unknown,Erythromma viridulum,Erythromma,Erythromma viridulum,Erythromma lindenii,-0.0354,True,True,True,True,Erythromma viridulum,0.1,True,True,True,True,Erythromma lindenii,-0.0434,True,True,True,True,Erythromma lindenii,0.12,True,True,True,True
AODON516-20,Erythromma najas,Erythromma,unknown,Erythromma viridulum,Erythromma,Erythromma viridulum,Erythromma lindenii,-0.0332,True,True,True,True,Erythromma viridulum,0.118,True,True,True,True,Erythromma viridulum,-0.0415,True,True,True,True,Erythromma lindenii,0.126,True,True,True,True
GBMH3362-07,Erythromma najas,Erythromma,unknown,Erythromma viridulum,Erythromma,Erythromma viridulum,Erythromma lindenii,-0.0352,True,True,True,True,Erythromma viridulum,0.11,True,True,True,True,Erythromma lindenii,-0.0435,True,True,True,True,Erythromma lindenii,0.124,True,True,True,True
GBMH3361-07,Erythromma najas,Erythromma,unknown,Erythromma viridulum,Erythromma,Erythromma viridulum,Erythromma lindenii,-0.0352,True,True,True,True,Erythromma viridulum,0.106,True,True,True,True,Erythromma lindenii,-0.0432,True,True,True,True,Erythromma lindenii,0.124,True,True,True,True
AODON495-20,Erythromma najas,Erythromma,unknown,Erythromma viridulum,Erythromma,Erythromma viridulum,Erythromma viridulum,-0.033,True,True,True,True,Erythromma viridulum,0.112,True,True,True,True,Erythromma viridulum,-0.0406,True,True,True,True,Erythromma lindenii,0.122,True,True,True,True
LEFIJ7810-18,Erythromma najas,Erythromma,unknown,Erythromma viridulum,Erythromma,Erythromma viridulum,Erythromma viridulum,-0.0337,True,True,True,True,Erythromma viridulum,0.13,True,True,True,True,Erythromma viridulum,-0.0416,True,True,True,True,Erythromma lindenii,0.13,True,True,True,True
GBMH3363-07,Erythromma najas,Erythromma,unknown,Erythromma viridulum,Erythromma,Erythromma viridulum,Erythromma lindenii,-0.0355,True,True,True,True,Erythromma viridulum,0.102,True,True,True,True,Erythromma lindenii,-0.0434,True,True,True,True,Erythromma lindenii,0.122,True,True,True,True
TRSKA2812-20,Erythromma najas,Erythromma,unknown,Erythromma viridulum,Erythromma,Erythromma viridulum,Erythromma viridulum,-0.0337,True,True,True,True,Erythromma viridulum,0.14,True,True,True,True,Erythromma viridulum,-0.0414,True,True,True,True,Erythromma lindenii,0.106,True,True,True,True
ZPLOD407-20,Erythromma najas,Erythromma,unknown,Erythromma viridulum,Erythromma,Erythromma viridulum,Erythromma lindenii,-0.0334,True,True,True,True,Erythromma lindenii,0.16,True,True,True,True,Erythromma viridulum,-0.0418,True,True,True,True,Erythromma lindenii,0.128,True,True,True,True
GBMH3412-07,Erythromma najas,Erythromma,unknown,Erythromma viridulum,Erythromma,Erythromma viridulum,Erythromma lindenii,-0.0353,True,True,True,True,Erythromma viridulum,0.106,True,True,True,True,Erythromma lindenii,-0.0435,True,True,True,True,Erythromma lindenii,0.124,True,True,True,True
GBMH3434-07,Erythromma najas,Erythromma,unknown,Erythromma viridulum,Erythromma,Erythromma viridulum,Erythromma lindenii,-0.0359,True,True,True,True,Erythromma viridulum,0.126,True,True,True,True,Erythromma lindenii,-0.0436,True,True,True,True,Erythromma lindenii,0.122,True,True,True,True
GBMH3391-07,Erythromma najas,Erythromma,unknown,Erythromma viridulum,Erythromma,Erythromma viridulum,Erythromma lindenii,-0.0349,True,True,True,True,Erythromma viridulum,0.104,True,True,True,True,Erythromma lindenii,-0.0431,True,True,True,True,Erythromma lindenii,0.124,True,True,True,True
ODOBP5367-16,Erythromma najas,Erythromma,unknown,Erythromma viridulum,Erythromma,Erythromma viridulum,Erythromma lindenii,-0.0338,True,True,True,True,Erythromma viridulum,0.122,True,True,True,True,Erythromma viridulum,-0.0413,True,True,True,True,Erythromma lindenii,0.126,True,True,True,True
ODOPL044-19,Erythromma najas,Erythromma,unknown,Erythromma viridulum,Erythromma,Erythromma viridulum,Erythromma lindenii,-0.0359,True,True,True,True,Erythromma viridulum,0.094,True,True,True,True,Erythromma lindenii,-0.0432,True,True,True,True,Erythromma lindenii,0.114,True,True,True,True
GBMH3396-07,Erythromma najas,Erythromma,unknown,Erythromma viridulum,Erythromma,Erythromma viridulum,Erythromma lindenii,-0.0351,True,True,True,True,Erythromma viridulum,0.114,True,True,True,True,Erythromma lindenii,-0.0431,True,True,True,True,Erythromma lindenii,0.124,True,True,True,True
ODOPL031-19,Erythromma najas,Erythromma,unknown,Erythromma viridulum,Erythromma,Erythromma viridulum,Erythromma lindenii,-0.0353,True,True,True,True,Erythromma viridulum,0.1,True,True,True,True,Erythromma lindenii,-0.0428,True,True,True,True,Erythromma lindenii,0.12,True,True,True,True
GBMH3414-07,Erythromma najas,Erythromma,unknown,Erythromma viridulum,Erythromma,Erythromma viridulum,Erythromma lindenii,-0.035,True,True,True,True,Erythromma viridulum,0.11,True,True,True,True,Erythromma lindenii,-0.0435,True,True,True,True,Erythromma lindenii,0.126,True,True,True,True
ODOPL046-19,Erythromma najas,Erythromma,unknown,Erythromma viridulum,Erythromma,Erythromma viridulum,Erythromma lindenii,-0.0353,True,True,True,True,Erythromma viridulum,0.104,True,True,True,True,Erythromma lindenii,-0.0432,True,True,True,True,Erythromma lindenii,0.118,True,True,True,True
ODOPL030-19,Erythromma najas,Erythromma,unknown,Erythromma viridulum,Erythromma,Erythromma viridulum,Erythromma lindenii,-0.0354,True,True,True,True,Erythromma viridulum,0.1,True,True,True,True,Erythromma lindenii,-0.0428,True,True,True,True,Erythromma lindenii,0.118,True,True,True,True
GBMH6702-09,Erythromma najas,Erythromma,unknown,Erythromma viridulum,Erythromma,Erythromma viridulum,Enallagma cyathigerum,-0.0355,True,True,True,True,Erythromma viridulum,0.11,True,True,True,True,Erythromma lindenii,-0.0439,True,True,True,True,Erythromma lindenii,0.122,True,True,True,True
LEFIJ15499-21,Erythromma najas,Erythromma,unknown,Erythromma viridulum,Erythromma,Erythromma viridulum,Enallagma cyathigerum,-0.0327,True,True,True,True,Erythromma lindenii,0.076,True,True,True,True,Erythromma lindenii,-0.0417,True,True,True,True,Erythromma lindenii,0.108,True,True,True,True
AODON050-20,Erythromma najas,Erythromma,unknown,Erythromma viridulum,Erythromma,Erythromma viridulum,Erythromma lindenii,-0.0338,True,True,True,True,Erythromma viridulum,0.122,True,True,True,True,Erythromma lindenii,-0.042,True,True,True,True,Erythromma lindenii,0.13,True,True,True,True
DTNHM2303-21,Erythromma najas,Erythromma,unknown,Erythromma viridulum,Erythromma,Erythromma viridulum,Coenagrion hastulatum,-0.0339,True,True,True,True,Erythromma viridulum,0.13,True,True,True,True,Erythromma viridulum,-0.0419,True,True,True,True,Erythromma lindenii,0.132,True,True,True,True
AODON617-20,Erythromma najas,Erythromma,unknown,Erythromma viridulum,Erythromma,Erythromma viridulum,Erythromma lindenii,-0.0363,True,True,True,True,Ceriagrion tenellum,0.086,True,True,True,True,Erythromma lindenii,-0.0441,True,True,True,True,Erythromma lindenii,0.112,True,True,True,True
AODON284-20,Erythromma najas,Erythromma,unknown,Erythromma viridulum,Erythromma,Erythromma viridulum,Erythromma lindenii,-0.0336,True,True,True,True,Erythromma viridulum,0.122,True,True,True,True,Erythromma viridulum,-0.0415,True,True,True,True,Erythromma lindenii,0.128,True,True,True,True
GBMH3376-07,Erythromma najas,Erythromma,unknown,Erythromma viridulum,Erythromma,Erythromma viridulum,Erythromma lindenii,-0.0359,True,True,True,True,Erythromma viridulum,0.102,True,True,True,True,Erythromma lindenii,-0.0431,True,True,True,True,Erythromma lindenii,0.122,True,True,True,True
GBMH3359-07,Erythromma najas,Erythromma,unknown,Erythromma viridulum,Erythromma,Erythromma viridulum,Erythromma lindenii,-0.0356,True,True,True,True,Erythromma viridulum,0.106,True,True,True,True,Erythromma lindenii,-0.0435,True,True,True,True,Erythromma lindenii,0.122,True,True,True,True
GBMH3357-07,Erythromma najas,Erythromma,unknown,Erythromma viridulum,Erythromma,Erythromma viridulum,Erythromma lindenii,-0.0352,True,True,True,True,Erythromma viridulum,0.106,True,True,True,True,Erythromma lindenii,-0.043,True,True,True,True,Erythromma lindenii,0.124,True,True,True,True
GBMH3354-07,Erythromma najas,Erythromma,unknown,Erythromma viridulum,Erythromma,Erythromma viridulum,Erythromma lindenii,-0.0354,True,True,True,True,Erythromma viridulum,0.11,True,True,True,True,Erythromma lindenii,-0.0434,True,True,True,True,Erythromma lindenii,0.124,True,True,True,True
GBMH3421-07,Erythromma najas,Erythromma,unknown,Erythromma viridulum,Erythromma,Erythromma viridulum,Erythromma lindenii,-0.0349,True,True,True,True,Erythromma viridulum,0.106,True,True,True,True,Erythromma lindenii,-0.043,True,True,True,True,Erythromma lindenii,0.122,True,True,True,True
AODON076-20,Erythromma najas,Erythromma,unknown,Erythromma viridulum,Erythromma,Erythromma viridulum,Erythromma viridulum,-0.0337,True,True,True,True,Erythromma viridulum,0.134,True,True,True,True,Erythromma viridulum,-0.0415,True,True,True,True,Erythromma lindenii,0.13,True,True,True,True
AODON049-20,Erythromma najas,Erythromma,unknown,Erythromma viridulum,Erythromma,Erythromma viridulum,Erythromma lindenii,-0.0338,True,True,True,True,Erythromma viridulum,0.122,True,True,True,True,Erythromma lindenii,-0.0417,True,True,True,True,Erythromma lindenii,0.134,True,True,True,True
GBMH3398-07,Erythromma najas,Erythromma,unknown,Erythromma viridulum,Erythromma,Erythromma viridulum,Enallagma cyathigerum,-0.0359,True,True,True,True,Erythromma viridulum,0.11,True,True,True,True,Erythromma lindenii,-0.0435,True,True,True,True,Erythromma lindenii,0.124,True,True,True,True
BARCO010-14,Erythromma najas,Erythromma,unknown,Erythromma viridulum,Erythromma,Erythromma viridulum,Coenagrion hastulatum,-0.0334,True,True,True,True,Erythromma viridulum,0.134,True,True,True,True,Erythromma viridulum,-0.0412,True,True,True,True,Erythromma lindenii,0.134,True,True,True,True
GBMH3358-07,Erythromma najas,Erythromma,unknown,Erythromma viridulum,Erythromma,Erythromma viridulum,Erythromma lindenii,-0.0353,True,True,True,True,Erythromma viridulum,0.098,True,True,True,True,Erythromma lindenii,-0.0434,True,True,True,True,Erythromma lindenii,0.124,True,True,True,True
ZPLOD406-20,Erythromma najas,Erythromma,unknown,Erythromma viridulum,Erythromma,Erythromma viridulum,Erythromma viridulum,-0.0335,True,True,True,True,Erythromma viridulum,0.144,True,True,True,True,Erythromma viridulum,-0.041,True,True,True,True,Erythromma lindenii,0.102,True,True,True,True
FBAQU492-10,Erythromma najas,Erythromma,unknown,Erythromma viridulum,Erythromma,Erythromma viridulum,Enallagma cyathigerum,-0.0351,True,True,True,True,Erythromma viridulum,0.112,True,True,True,True,Erythromma lindenii,-0.044,True,True,True,True,Erythromma lindenii,0.13,True,True,True,True
AODON032-20,Erythromma najas,Erythromma,unknown,Erythromma viridulum,Erythromma,Erythromma viridulum,Erythromma viridulum,-0.0336,True,True,True,True,Erythromma viridulum,0.136,True,True,True,True,Erythromma viridulum,-0.0411,True,True,True,True,Erythromma lindenii,0.13,True,True,True,True
TRSKA2682-20,Erythromma viridulum,Erythromma,known,Erythromma viridulum,Erythromma,Erythromma viridulum,Erythromma viridulum,-0.0015,False,False,False,False,Erythromma viridulum,0.972,False,False,False,False,Erythromma viridulum,-0.0015,False,False,False,False,Erythromma viridulum,0.988,False,False,False,False
AODON387-20,Erythromma viridulum,Erythromma,known,Erythromma viridulum,Erythromma,Erythromma viridulum,Erythromma viridulum,-0.0057,False,False,False,False,Erythromma viridulum,0.968,False,False,False,False,Erythromma viridulum,-0.0081,False,False,False,False,Erythromma viridulum,0.916,False,False,False,False
GBMNE32985-21,Erythromma viridulum,Erythromma,known,Erythromma viridulum,Erythromma,Erythromma viridulum,Erythromma viridulum,-0.0084,False,False,False,False,Erythromma viridulum,0.912,False,False,False,False,Erythromma viridulum,-0.009,False,False,False,False,Erythromma viridulum,0.902,False,False,False,False
TRSKA2693-20,Erythromma viridulum,Erythromma,known,Erythromma viridulum,Erythromma,Erythromma viridulum,Erythromma viridulum,-0.0043,False,False,False,False,Erythromma viridulum,0.896,False,False,False,False,Erythromma viridulum,-0.0053,False,False,False,False,Erythromma viridulum,0.926,False,False,False,False
TRSKA2677-20,Erythromma viridulum,Erythromma,known,Erythromma viridulum,Erythromma,Erythromma viridulum,Erythromma viridulum,-0.003,False,False,False,False,Erythromma viridulum,0.99,False,False,False,False,Erythromma viridulum,-0.0031,False,False,False,False,Erythromma viridulum,1.0,False,False,False,False
AODON507-20,Erythromma viridulum,Erythromma,known,Erythromma viridulum,Erythromma,Erythromma viridulum,Erythromma viridulum,-0.0076,False,False,False,False,Erythromma viridulum,0.962,False,False,False,False,Erythromma viridulum,-0.0075,False,False,False,False,Erythromma viridulum,0.988,False,False,False,False
AODON388-20,Erythromma viridulum,Erythromma,known,Erythromma viridulum,Erythromma,Erythromma viridulum,Erythromma viridulum,-0.0057,False,False,False,False,Erythromma viridulum,0.926,False,False,False,False,Erythromma viridulum,-0.0065,False,False,False,False,Erythromma viridulum,0.96,False,False,False,False
AODON092-20,Erythromma viridulum,Erythromma,known,Erythromma viridulum,Erythromma,Erythromma viridulum,Erythromma viridulum,-0.0026,False,False,False,False,Erythromma viridulum,0.986,False,False,False,False,Erythromma viridulum,-0.0026,False,False,False,False,Erythromma viridulum,0.998,False,False,False,False
AODON386-20,Erythromma viridulum,Erythromma,known,Erythromma viridulum,Erythromma,Erythromma viridulum,Erythromma viridulum,-0.003,False,False,False,False,Erythromma viridulum,0.978,False,False,False,False,Erythromma viridulum,-0.0031,False,False,False,False,Erythromma viridulum,0.99,False,False,False,False
BGEPL3206-25,Erythromma viridulum,Erythromma,known,Erythromma viridulum,Erythromma,Erythromma viridulum,Erythromma viridulum,-0.0043,False,False,False,False,Erythromma viridulum,0.996,False,False,False,False,Erythromma viridulum,-0.0053,False,False,False,False,Erythromma viridulum,0.952,False,False,False,False
AODON798-20,Ischnura elegans,Ischnura,known,Ischnura elegans,Ischnura,Ischnura elegans,Ischnura elegans,-0.0048,False,False,False,False,Ischnura elegans,0.508,False,True,False,False,Ischnura elegans,-0.0057,False,False,False,False,Ischnura elegans,0.646,False,False,False,False
ODOPL061-19,Ischnura elegans,Ischnura,known,Ischnura elegans,Ischnura,Ischnura elegans,Ischnura elegans,-0.0028,False,False,False,False,Ischnura elegans,0.986,False,False,False,False,Ischnura elegans,-0.0028,False,False,False,False,Ischnura elegans,0.99,False,False,False,False
BCAI157-26,Ischnura elegans,Ischnura,known,Ischnura elegans,Ischnura,Ischnura elegans,Ischnura elegans,-0.0021,False,False,False,False,Ischnura elegans,0.602,False,False,False,False,Ischnura elegans,-0.0022,False,False,False,False,Ischnura genei,0.544,False,True,False,False
GBUPS194-14,Ischnura elegans,Ischnura,known,Ischnura elegans,Ischnura,Ischnura elegans,Ischnura elegans,-0.0074,False,False,False,False,Ischnura elegans,0.902,False,False,False,False,Ischnura elegans,-0.0077,False,False,False,False,Ischnura elegans,0.936,False,False,False,False
AODON784-20,Ischnura elegans,Ischnura,known,ambiguous,Ischnura,Ischnura elegans;Ischnura genei,Ischnura elegans,-0.0121,True,True,True,False,Ischnura elegans,0.386,True,True,True,False,Ischnura elegans,-0.0135,True,True,True,False,Ischnura elegans,0.534,False,True,False,False
ODOBP5339-16,Ischnura elegans,Ischnura,known,Ischnura elegans,Ischnura,Ischnura elegans,Ischnura elegans,-0.0048,False,False,False,False,Ischnura elegans,0.592,False,False,False,False,Ischnura elegans,-0.0057,False,False,False,False,Ischnura genei,0.53,False,True,False,False
GBODO021-18,Ischnura elegans,Ischnura,known,Ischnura elegans,Ischnura,Ischnura elegans,Ischnura elegans,-0.0038,False,False,False,False,Ischnura elegans,0.928,False,False,False,False,Ischnura elegans,-0.0044,False,False,False,False,Ischnura elegans,0.928,False,False,False,False
DTNHM5532-23,Ischnura elegans,Ischnura,known,Ischnura elegans,Ischnura,Ischnura elegans,Ischnura elegans,-0.0038,False,False,False,False,Ischnura elegans,0.934,False,False,False,False,Ischnura elegans,-0.0043,False,False,False,False,Ischnura elegans,0.928,False,False,False,False
GBMND4314-21,Ischnura elegans,Ischnura,known,Ischnura elegans,Ischnura,Ischnura elegans,Ischnura elegans,-0.0033,False,False,False,False,Ischnura elegans,0.718,False,False,False,False,Ischnura elegans,-0.004,False,False,False,False,Ischnura elegans,0.84,False,False,False,False
GBUPS193-14,Ischnura elegans,Ischnura,known,Ischnura elegans,Ischnura,Ischnura elegans,Ischnura elegans,-0.0053,False,False,False,False,Ischnura elegans,0.87,False,False,False,False,Ischnura elegans,-0.0065,False,False,False,False,Ischnura elegans,0.92,False,False,False,False
GBUPS201-14,Ischnura elegans,Ischnura,known,Ischnura elegans,Ischnura,Ischnura elegans,Ischnura elegans,-0.0061,False,False,False,False,Ischnura elegans,0.918,False,False,False,False,Ischnura elegans,-0.006,False,False,False,False,Ischnura elegans,0.978,False,False,False,False
AODON359-20,Ischnura elegans,Ischnura,known,Ischnura elegans,Ischnura,Ischnura elegans,Ischnura elegans,-0.0067,False,False,False,False,Ischnura elegans,0.766,False,False,False,False,Ischnura elegans,-0.0062,False,False,False,False,Ischnura elegans,0.91,False,False,False,False
AODON868-22,Ischnura elegans,Ischnura,known,Ischnura elegans,Ischnura,Ischnura elegans,Ischnura elegans,-0.0015,False,False,False,False,Ischnura elegans,0.612,False,False,False,False,Ischnura elegans,-0.0015,False,False,False,False,Ischnura genei,0.538,False,True,False,False
LEFIJ15505-21,Ischnura elegans,Ischnura,known,ambiguous,Ischnura,Ischnura elegans;Ischnura genei,Ischnura elegans,-0.003,False,False,False,False,Ischnura elegans,0.658,False,False,False,False,Ischnura elegans,-0.0031,False,False,False,False,Ischnura elegans,0.816,False,False,False,False
ODOPL015-18,Ischnura elegans,Ischnura,known,Ischnura elegans,Ischnura,Ischnura elegans,Ischnura elegans,-0.0045,False,False,False,False,Ischnura elegans,0.928,False,False,False,False,Ischnura elegans,-0.0056,False,False,False,False,Ischnura elegans,0.976,False,False,False,False
BGEPL1697-25,Ischnura elegans,Ischnura,known,Ischnura elegans,Ischnura,Ischnura elegans,Ischnura elegans,-0.0031,False,False,False,False,Ischnura elegans,0.6,False,False,False,False,Ischnura elegans,-0.0034,False,False,False,False,Ischnura genei,0.514,False,True,False,False
GBMIX1779-15,Ischnura elegans,Ischnura,known,Ischnura genei,Ischnura,Ischnura genei,Ischnura genei,-0.0,False,False,False,False,Ischnura genei,0.998,False,False,False,False,Ischnura genei,-0.0,False,False,False,False,Ischnura genei,0.998,False,False,False,False
AODON184-20,Ischnura elegans,Ischnura,known,Ischnura elegans,Ischnura,Ischnura elegans,Ischnura elegans,-0.0038,False,False,False,False,Ischnura elegans,0.822,False,False,False,False,Ischnura elegans,-0.0053,False,False,False,False,Ischnura elegans,0.788,False,False,False,False
ZPLOD452-20,Ischnura genei,Ischnura,known,Ischnura elegans,Ischnura,Ischnura elegans,Ischnura elegans,-0.0,False,False,False,False,Ischnura genei,0.736,False,False,False,False,Ischnura elegans,-0.0,False,False,False,False,Ischnura genei,0.712,False,False,False,False
BGEPL3219-25,Ischnura pumilio,Ischnura,known,Ischnura pumilio,Ischnura,Ischnura pumilio,Ischnura pumilio,-0.0021,False,False,False,False,Ischnura pumilio,0.982,False,False,False,False,Ischnura pumilio,-0.0022,False,False,False,False,Ischnura pumilio,0.996,False,False,False,False
AODON430-20,Ischnura pumilio,Ischnura,known,Ischnura pumilio,Ischnura,Ischnura pumilio,Ischnura pumilio,-0.0043,False,False,False,False,Ischnura pumilio,0.962,False,False,False,False,Ischnura pumilio,-0.0053,False,False,False,False,Ischnura pumilio,0.962,False,False,False,False
LEFIJ33977-23,Ischnura pumilio,Ischnura,known,Ischnura pumilio,Ischnura,Ischnura pumilio,Ischnura pumilio,-0.0015,False,False,False,False,Ischnura pumilio,1.0,False,False,False,False,Ischnura pumilio,-0.0015,False,False,False,False,Ischnura pumilio,1.0,False,False,False,False
GBAAM37491-25,Ischnura saharensis,Ischnura,unknown,Ischnura elegans,Ischnura,Ischnura elegans,Ischnura elegans,-0.0049,False,False,False,False,Ischnura elegans,0.982,False,False,False,False,Ischnura elegans,-0.005,False,False,False,False,Ischnura elegans,0.992,False,False,False,False
GBAAM37383-25,Ischnura saharensis,Ischnura,unknown,Ischnura elegans,Ischnura,Ischnura elegans,Ischnura elegans,-0.0035,False,False,False,False,Ischnura elegans,0.988,False,False,False,False,Ischnura elegans,-0.0027,False,False,False,False,Ischnura elegans,0.998,False,False,False,False
GBAAW69083-24,Ischnura saharensis,Ischnura,unknown,ambiguous,Ischnura,Ischnura elegans;Ischnura genei,Ischnura elegans,-0.0059,False,False,False,False,Ischnura elegans,0.906,False,False,False,False,Ischnura elegans,-0.0068,False,False,False,False,Ischnura elegans,0.96,False,False,False,False
GBAAW69084-24,Ischnura saharensis,Ischnura,unknown,Ischnura elegans,Ischnura,Ischnura elegans,Ischnura elegans,-0.0051,False,False,False,False,Ischnura elegans,0.982,False,False,False,False,Ischnura elegans,-0.0052,False,False,False,False,Ischnura elegans,0.98,False,False,False,False
GBAAW69085-24,Ischnura saharensis,Ischnura,unknown,ambiguous,Ischnura,Ischnura elegans;Ischnura genei,Ischnura elegans,-0.0063,False,False,False,False,Ischnura elegans,0.902,False,False,False,False,Ischnura elegans,-0.0075,False,False,False,False,Ischnura elegans,0.958,False,False,False,False
GBMNE33017-21,Ischnura saharensis,Ischnura,unknown,ambiguous,Ischnura,Ischnura elegans;Ischnura genei,Ischnura elegans,-0.0076,False,False,False,False,Ischnura elegans,0.834,False,False,False,False,Ischnura elegans,-0.0085,False,False,False,False,Ischnura elegans,0.892,False,False,False,False
AODON682-20,Leucorrhinia caudalis,Leucorrhinia,known,Leucorrhinia caudalis,Leucorrhinia,Leucorrhinia caudalis,Leucorrhinia caudalis,-0.0046,False,False,False,False,Leucorrhinia caudalis,0.982,False,False,False,False,Leucorrhinia caudalis,-0.0055,False,False,False,False,Leucorrhinia caudalis,0.97,False,False,False,False
AODON693-20,Leucorrhinia dubia,Leucorrhinia,known,Leucorrhinia dubia,Leucorrhinia,Leucorrhinia dubia,Leucorrhinia dubia,-0.0051,False,False,False,False,Leucorrhinia dubia,0.96,False,False,False,False,Leucorrhinia dubia,-0.0055,False,False,False,False,Leucorrhinia dubia,0.98,False,False,False,False
DTNHM5775-23,Leucorrhinia dubia,Leucorrhinia,known,Leucorrhinia dubia,Leucorrhinia,Leucorrhinia dubia,Leucorrhinia dubia,-0.0108,False,True,False,False,Leucorrhinia dubia,0.786,False,False,False,False,Leucorrhinia dubia,-0.0137,True,True,True,False,Leucorrhinia dubia,0.792,False,False,False,False
AODON480-20,Leucorrhinia dubia,Leucorrhinia,known,Leucorrhinia dubia,Leucorrhinia,Leucorrhinia dubia,Leucorrhinia dubia,-0.0072,False,False,False,False,Leucorrhinia dubia,0.848,False,False,False,False,Leucorrhinia dubia,-0.0078,False,False,False,False,Leucorrhinia dubia,0.942,False,False,False,False
DTNHM5774-23,Leucorrhinia dubia,Leucorrhinia,known,Leucorrhinia dubia,Leucorrhinia,Leucorrhinia dubia,Leucorrhinia dubia,-0.011,False,True,False,False,Leucorrhinia dubia,0.786,False,False,False,False,Leucorrhinia dubia,-0.0119,False,True,False,False,Leucorrhinia dubia,0.928,False,False,False,False
GBEPT900-14,Leucorrhinia dubia,Leucorrhinia,known,Leucorrhinia dubia,Leucorrhinia,Leucorrhinia dubia,Leucorrhinia dubia,-0.0041,False,False,False,False,Leucorrhinia dubia,0.99,False,False,False,False,Leucorrhinia dubia,-0.0049,False,False,False,False,Leucorrhinia dubia,0.982,False,False,False,False
AODON703-20,Leucorrhinia dubia,Leucorrhinia,known,Leucorrhinia dubia,Leucorrhinia,Leucorrhinia dubia,Leucorrhinia dubia,-0.0015,False,False,False,False,Leucorrhinia dubia,0.996,False,False,False,False,Leucorrhinia dubia,-0.0015,False,False,False,False,Leucorrhinia dubia,1.0,False,False,False,False
ODOBP5354-16,Leucorrhinia pectoralis,Leucorrhinia,known,Leucorrhinia pectoralis,Leucorrhinia,Leucorrhinia pectoralis,Leucorrhinia pectoralis,-0.0015,False,False,False,False,Leucorrhinia pectoralis,0.804,False,False,False,False,Leucorrhinia pectoralis,-0.0015,False,False,False,False,Leucorrhinia pectoralis,0.802,False,False,False,False
PLSW053-20,Leucorrhinia pectoralis,Leucorrhinia,known,Leucorrhinia pectoralis,Leucorrhinia,Leucorrhinia pectoralis,Leucorrhinia pectoralis,-0.0034,False,False,False,False,Leucorrhinia pectoralis,0.94,False,False,False,False,Leucorrhinia pectoralis,-0.0041,False,False,False,False,Leucorrhinia pectoralis,0.944,False,False,False,False
AODON668-20,Leucorrhinia rubicunda,Leucorrhinia,unknown,Leucorrhinia dubia,Leucorrhinia,Leucorrhinia dubia,Leucorrhinia dubia,-0.017,True,True,True,True,Leucorrhinia dubia,0.436,True,True,True,False,Leucorrhinia dubia,-0.0207,True,True,True,True,Leucorrhinia dubia,0.566,False,True,False,False
AODON670-20,Leucorrhinia rubicunda,Leucorrhinia,unknown,Leucorrhinia dubia,Leucorrhinia,Leucorrhinia dubia,Leucorrhinia dubia,-0.0171,True,True,True,True,Leucorrhinia dubia,0.398,True,True,True,False,Leucorrhinia dubia,-0.021,True,True,True,True,Leucorrhinia dubia,0.576,False,True,False,False
ODOBP5324-16,Leucorrhinia rubicunda,Leucorrhinia,unknown,Leucorrhinia dubia,Leucorrhinia,Leucorrhinia dubia,Leucorrhinia dubia,-0.017,True,True,True,True,Leucorrhinia dubia,0.444,True,True,True,False,Leucorrhinia dubia,-0.0207,True,True,True,True,Leucorrhinia dubia,0.576,False,True,False,False
LEFIJ15521-21,Leucorrhinia rubicunda,Leucorrhinia,unknown,Leucorrhinia dubia,Leucorrhinia,Leucorrhinia dubia,Leucorrhinia dubia,-0.0164,True,True,True,False,Leucorrhinia dubia,0.434,True,True,True,False,Leucorrhinia dubia,-0.0211,True,True,True,True,Leucorrhinia dubia,0.562,False,True,False,False
ANBIO098-19,Libellula depressa,Libellula,unknown,Libellula fulva,Libellula,Libellula fulva,Libellula fulva,-0.0343,True,True,True,True,Libellula fulva,0.166,True,True,True,True,Sympetrum danae,-0.0423,True,True,True,True,Libellula fulva,0.092,True,True,True,True
FBAQU502-10,Libellula depressa,Libellula,unknown,Libellula fulva,Libellula,Libellula fulva,Libellula fulva,-0.0339,True,True,True,True,Libellula fulva,0.15,True,True,True,True,Libellula fulva,-0.0417,True,True,True,True,Libellula fulva,0.074,True,True,True,True
AODON028-20,Libellula depressa,Libellula,unknown,Libellula fulva,Libellula,Libellula fulva,Libellula fulva,-0.034,True,True,True,True,Libellula fulva,0.148,True,True,True,True,Libellula fulva,-0.0418,True,True,True,True,Libellula fulva,0.076,True,True,True,True
AODON429-20,Libellula depressa,Libellula,unknown,Libellula fulva,Libellula,Libellula fulva,Libellula fulva,-0.0344,True,True,True,True,Libellula fulva,0.148,True,True,True,True,Libellula fulva,-0.042,True,True,True,True,Libellula fulva,0.082,True,True,True,True
ZPLOD534-20,Libellula depressa,Libellula,unknown,Libellula fulva,Libellula,Libellula fulva,Libellula fulva,-0.0335,True,True,True,True,Libellula fulva,0.148,True,True,True,True,Libellula fulva,-0.0418,True,True,True,True,Libellula fulva,0.07,True,True,True,True
LEFIJ7806-18,Libellula depressa,Libellula,unknown,Libellula fulva,Libellula,Libellula fulva,Libellula quadrimaculata,-0.0327,True,True,True,True,Libellula fulva,0.14,True,True,True,True,Libellula fulva,-0.0418,True,True,True,True,Libellula fulva,0.07,True,True,True,True
DTNHM13434-24,Libellula depressa,Libellula,unknown,Libellula fulva,Libellula,Libellula fulva,Libellula fulva,-0.0338,True,True,True,True,Libellula fulva,0.148,True,True,True,True,Libellula fulva,-0.0417,True,True,True,True,Libellula fulva,0.072,True,True,True,True
ODOBP9079-23,Libellula depressa,Libellula,unknown,Libellula fulva,Libellula,Libellula fulva,Libellula fulva,-0.034,True,True,True,True,Libellula fulva,0.148,True,True,True,True,Libellula fulva,-0.0418,True,True,True,True,Libellula fulva,0.076,True,True,True,True
AODON898-22,Libellula depressa,Libellula,unknown,Libellula fulva,Libellula,Libellula fulva,Libellula quadrimaculata,-0.033,True,True,True,True,Trithemis annulata,0.124,True,True,True,True,Libellula quadrimaculata,-0.0405,True,True,True,True,Libellula fulva,0.074,True,True,True,True
LEFIJ29477-22,Libellula depressa,Libellula,unknown,Libellula fulva,Libellula,Libellula fulva,Libellula quadrimaculata,-0.0328,True,True,True,True,Libellula fulva,0.14,True,True,True,True,Libellula fulva,-0.0419,True,True,True,True,Libellula fulva,0.07,True,True,True,True
LEFIJ5929-17,Libellula depressa,Libellula,unknown,Libellula fulva,Libellula,Libellula fulva,Libellula quadrimaculata,-0.0328,True,True,True,True,Libellula fulva,0.144,True,True,True,True,Libellula fulva,-0.0416,True,True,True,True,Libellula fulva,0.068,True,True,True,True
ZPLOD526-20,Libellula depressa,Libellula,unknown,Libellula fulva,Libellula,Libellula fulva,Libellula quadrimaculata,-0.034,True,True,True,True,Libellula fulva,0.14,True,True,True,True,Libellula quadrimaculata,-0.0417,True,True,True,True,Libellula fulva,0.07,True,True,True,True
TRSKA2843-20,Libellula depressa,Libellula,unknown,Libellula fulva,Libellula,Libellula fulva,Libellula fulva,-0.0338,True,True,True,True,Libellula fulva,0.148,True,True,True,True,Libellula fulva,-0.0418,True,True,True,True,Libellula fulva,0.074,True,True,True,True
PLSW148-20,Libellula depressa,Libellula,unknown,Libellula fulva,Libellula,Libellula fulva,Libellula fulva,-0.0338,True,True,True,True,Libellula fulva,0.144,True,True,True,True,Libellula quadrimaculata,-0.0418,True,True,True,True,Libellula fulva,0.074,True,True,True,True
ZPLOD536-20,Libellula fulva,Libellula,known,Libellula fulva,Libellula,Libellula fulva,Libellula fulva,-0.0043,False,False,False,False,Libellula fulva,0.956,False,False,False,False,Libellula fulva,-0.0053,False,False,False,False,Libellula fulva,0.956,False,False,False,False
GBEPT944-14,Libellula fulva,Libellula,known,Libellula fulva,Libellula,Libellula fulva,Libellula fulva,-0.0022,False,False,False,False,Libellula fulva,0.988,False,False,False,False,Libellula fulva,-0.0022,False,False,False,False,Libellula fulva,0.99,False,False,False,False
ZPLOD535-20,Libellula fulva,Libellula,known,Libellula fulva,Libellula,Libellula fulva,Libellula fulva,-0.0043,False,False,False,False,Libellula fulva,0.908,False,False,False,False,Libellula fulva,-0.0053,False,False,False,False,Libellula fulva,0.916,False,False,False,False
AODON701-20,Libellula fulva,Libellula,known,Libellula fulva,Libellula,Libellula fulva,Libellula fulva,-0.0031,False,False,False,False,Libellula fulva,0.94,False,False,False,False,Libellula fulva,-0.0043,False,False,False,False,Libellula fulva,0.95,False,False,False,False
ODOBP5331-16,Libellula quadrimaculata,Libellula,known,Libellula quadrimaculata,Libellula,Libellula quadrimaculata,Libellula quadrimaculata,-0.0053,False,False,False,False,Libellula quadrimaculata,0.932,False,False,False,False,Libellula quadrimaculata,-0.0081,False,False,False,False,Libellula quadrimaculata,0.96,False,False,False,False
AODON363-20,Libellula quadrimaculata,Libellula,known,Libellula quadrimaculata,Libellula,Libellula quadrimaculata,Libellula quadrimaculata,-0.0067,False,False,False,False,Libellula quadrimaculata,0.91,False,False,False,False,Libellula quadrimaculata,-0.0083,False,False,False,False,Libellula quadrimaculata,0.956,False,False,False,False
ZPLOD829-20,Libellula quadrimaculata,Libellula,known,Libellula quadrimaculata,Libellula,Libellula quadrimaculata,Libellula quadrimaculata,-0.0043,False,False,False,False,Libellula quadrimaculata,0.956,False,False,False,False,Libellula quadrimaculata,-0.0053,False,False,False,False,Libellula quadrimaculata,0.974,False,False,False,False
TRDOD028-14,Libellula quadrimaculata,Libellula,known,Libellula quadrimaculata,Libellula,Libellula quadrimaculata,Libellula quadrimaculata,-0.0043,False,False,False,False,Libellula quadrimaculata,0.966,False,False,False,False,Libellula quadrimaculata,-0.0053,False,False,False,False,Libellula quadrimaculata,0.962,False,False,False,False
AODON555-20,Libellula quadrimaculata,Libellula,known,Libellula quadrimaculata,Libellula,Libellula quadrimaculata,Libellula quadrimaculata,-0.0053,False,False,False,False,Libellula quadrimaculata,0.964,False,False,False,False,Libellula quadrimaculata,-0.0057,False,False,False,False,Libellula quadrimaculata,0.998,False,False,False,False
GBODO031-18,Libellula quadrimaculata,Libellula,known,Libellula quadrimaculata,Libellula,Libellula quadrimaculata,Libellula quadrimaculata,-0.0126,True,True,True,False,Libellula quadrimaculata,0.526,False,True,False,False,Libellula quadrimaculata,-0.014,True,True,True,False,Libellula quadrimaculata,0.776,False,False,False,False
AODON248-20,Libellula quadrimaculata,Libellula,known,Libellula quadrimaculata,Libellula,Libellula quadrimaculata,Libellula quadrimaculata,-0.0043,False,False,False,False,Libellula quadrimaculata,0.984,False,False,False,False,Libellula quadrimaculata,-0.0053,False,False,False,False,Libellula quadrimaculata,0.97,False,False,False,False
FBAQU503-10,Libellula quadrimaculata,Libellula,known,Libellula quadrimaculata,Libellula,Libellula quadrimaculata,Libellula quadrimaculata,-0.0098,False,False,False,False,Libellula quadrimaculata,0.806,False,False,False,False,Libellula quadrimaculata,-0.01,False,False,False,False,Libellula quadrimaculata,0.916,False,False,False,False
ODOPL097-19,Libellula quadrimaculata,Libellula,known,Libellula quadrimaculata,Libellula,Libellula quadrimaculata,Libellula quadrimaculata,-0.0032,False,False,False,False,Libellula quadrimaculata,0.924,False,False,False,False,Libellula quadrimaculata,-0.0031,False,False,False,False,Libellula quadrimaculata,0.98,False,False,False,False
AODON708-20,Nehalennia speciosa,Nehalennia,known,Nehalennia speciosa,Nehalennia,Nehalennia speciosa,Nehalennia speciosa,-0.0042,False,False,False,False,Nehalennia speciosa,0.878,False,False,False,False,Nehalennia speciosa,-0.0043,False,False,False,False,Nehalennia speciosa,0.992,False,False,False,False
FBAQU1428-13,Nehalennia speciosa,Nehalennia,known,Nehalennia speciosa,Nehalennia,Nehalennia speciosa,Nehalennia speciosa,-0.0046,False,False,False,False,Nehalennia speciosa,0.922,False,False,False,False,Nehalennia speciosa,-0.0041,False,False,False,False,Nehalennia speciosa,0.99,False,False,False,False
AODON905-22,Nehalennia speciosa,Nehalennia,known,Nehalennia speciosa,Nehalennia,Nehalennia speciosa,Nehalennia speciosa,-0.0092,False,False,False,False,Nehalennia speciosa,0.86,False,False,False,False,Nehalennia speciosa,-0.0074,False,False,False,False,Nehalennia speciosa,0.962,False,False,False,False
AODON042-20,Orthetrum albistylum,Orthetrum,unknown,Orthetrum cancellatum,Orthetrum,Orthetrum cancellatum,Orthetrum cancellatum,-0.0223,True,True,True,True,Orthetrum cancellatum,0.312,True,True,True,True,Orthetrum cancellatum,-0.0287,True,True,True,True,Orthetrum cancellatum,0.254,True,True,True,True
AODON041-20,Orthetrum albistylum,Orthetrum,unknown,Orthetrum cancellatum,Orthetrum,Orthetrum cancellatum,Orthetrum cancellatum,-0.0229,True,True,True,True,Orthetrum cancellatum,0.31,True,True,True,True,Orthetrum cancellatum,-0.0289,True,True,True,True,Orthetrum cancellatum,0.246,True,True,True,True
HUAQM020-20,Orthetrum albistylum,Orthetrum,unknown,Orthetrum cancellatum,Orthetrum,Orthetrum cancellatum,Orthetrum cancellatum,-0.0254,True,True,True,True,Orthetrum cancellatum,0.296,True,True,True,True,Orthetrum cancellatum,-0.0308,True,True,True,True,Orthetrum cancellatum,0.236,True,True,True,True
AODON370-20,Orthetrum albistylum,Orthetrum,unknown,Orthetrum cancellatum,Orthetrum,Orthetrum cancellatum,Orthetrum cancellatum,-0.0222,True,True,True,True,Orthetrum cancellatum,0.314,True,True,True,True,Orthetrum cancellatum,-0.0288,True,True,True,True,Orthetrum cancellatum,0.26,True,True,True,True
EDF010-18,Orthetrum albistylum,Orthetrum,unknown,Orthetrum cancellatum,Orthetrum,Orthetrum cancellatum,Orthetrum cancellatum,-0.0223,True,True,True,True,Orthetrum cancellatum,0.312,True,True,True,True,Orthetrum cancellatum,-0.0287,True,True,True,True,Orthetrum cancellatum,0.258,True,True,True,True
HUAQM025-20,Orthetrum brunneum,Orthetrum,known,Orthetrum brunneum,Orthetrum,Orthetrum brunneum,Orthetrum brunneum,-0.0015,False,False,False,False,Orthetrum brunneum,0.998,False,False,False,False,Orthetrum brunneum,-0.0015,False,False,False,False,Orthetrum brunneum,0.998,False,False,False,False
GBODO060-18,Orthetrum brunneum,Orthetrum,known,Orthetrum brunneum,Orthetrum,Orthetrum brunneum,Orthetrum brunneum,-0.0034,False,False,False,False,Orthetrum brunneum,0.906,False,False,False,False,Orthetrum brunneum,-0.0041,False,False,False,False,Orthetrum brunneum,0.948,False,False,False,False
AODON217-20,Orthetrum brunneum,Orthetrum,known,Orthetrum brunneum,Orthetrum,Orthetrum brunneum,Orthetrum brunneum,-0.0046,False,False,False,False,Orthetrum brunneum,0.904,False,False,False,False,Orthetrum brunneum,-0.0055,False,False,False,False,Orthetrum brunneum,0.944,False,False,False,False
AODON100-20,Orthetrum brunneum,Orthetrum,known,Orthetrum brunneum,Orthetrum,Orthetrum brunneum,Orthetrum brunneum,-0.0015,False,False,False,False,Orthetrum brunneum,0.97,False,False,False,False,Orthetrum brunneum,-0.0015,False,False,False,False,Orthetrum brunneum,0.99,False,False,False,False
GBAAY74681-24,Orthetrum cancellatum,Orthetrum,known,Orthetrum cancellatum,Orthetrum,Orthetrum cancellatum,Orthetrum cancellatum,-0.0046,False,False,False,False,Orthetrum cancellatum,0.88,False,False,False,False,Orthetrum cancellatum,-0.0055,False,False,False,False,Orthetrum cancellatum,0.88,False,False,False,False
ODOPL052-19,Orthetrum cancellatum,Orthetrum,known,Orthetrum cancellatum,Orthetrum,Orthetrum cancellatum,Orthetrum cancellatum,-0.0045,False,False,False,False,Orthetrum cancellatum,0.916,False,False,False,False,Orthetrum cancellatum,-0.0039,False,False,False,False,Orthetrum cancellatum,0.946,False,False,False,False
GBAAY74663-24,Orthetrum cancellatum,Orthetrum,known,Orthetrum cancellatum,Orthetrum,Orthetrum cancellatum,Orthetrum cancellatum,-0.0015,False,False,False,False,Orthetrum cancellatum,0.9,False,False,False,False,Orthetrum cancellatum,-0.0015,False,False,False,False,Orthetrum cancellatum,0.94,False,False,False,False
AODON636-20,Orthetrum cancellatum,Orthetrum,known,Orthetrum cancellatum,Orthetrum,Orthetrum cancellatum,Orthetrum cancellatum,-0.0063,False,False,False,False,Orthetrum cancellatum,0.938,False,False,False,False,Orthetrum cancellatum,-0.0077,False,False,False,False,Orthetrum cancellatum,0.888,False,False,False,False
ZPLOD623-20,Orthetrum cancellatum,Orthetrum,known,Orthetrum cancellatum,Orthetrum,Orthetrum cancellatum,Orthetrum cancellatum,-0.0043,False,False,False,False,Orthetrum cancellatum,0.944,False,False,False,False,Orthetrum cancellatum,-0.0053,False,False,False,False,Orthetrum cancellatum,0.976,False,False,False,False
GODO038-18,Orthetrum cancellatum,Orthetrum,known,Orthetrum cancellatum,Orthetrum,Orthetrum cancellatum,Orthetrum cancellatum,-0.0046,False,False,False,False,Orthetrum cancellatum,0.952,False,False,False,False,Orthetrum cancellatum,-0.0059,False,False,False,False,Orthetrum cancellatum,0.974,False,False,False,False
AODON635-20,Orthetrum cancellatum,Orthetrum,known,Orthetrum cancellatum,Orthetrum,Orthetrum cancellatum,Orthetrum cancellatum,-0.0021,False,False,False,False,Orthetrum cancellatum,0.984,False,False,False,False,Orthetrum cancellatum,-0.0022,False,False,False,False,Orthetrum cancellatum,0.99,False,False,False,False
ODOPL127-19,Orthetrum cancellatum,Orthetrum,known,Orthetrum cancellatum,Orthetrum,Orthetrum cancellatum,Orthetrum cancellatum,-0.0108,False,True,False,False,Orthetrum cancellatum,0.866,False,False,False,False,Orthetrum cancellatum,-0.0112,False,True,False,False,Orthetrum cancellatum,0.946,False,False,False,False
GBAAY74676-24,Orthetrum cancellatum,Orthetrum,known,Orthetrum cancellatum,Orthetrum,Orthetrum cancellatum,Orthetrum cancellatum,-0.0043,False,False,False,False,Orthetrum cancellatum,1.0,False,False,False,False,Orthetrum cancellatum,-0.0053,False,False,False,False,Orthetrum cancellatum,1.0,False,False,False,False
ODOBP2891-16,Orthetrum cancellatum,Orthetrum,known,Orthetrum cancellatum,Orthetrum,Orthetrum cancellatum,Orthetrum cancellatum,-0.0043,False,False,False,False,Orthetrum cancellatum,0.996,False,False,False,False,Orthetrum cancellatum,-0.0053,False,False,False,False,Orthetrum cancellatum,1.0,False,False,False,False
AODON929-22,Orthetrum cancellatum,Orthetrum,known,Orthetrum cancellatum,Orthetrum,Orthetrum cancellatum,Orthetrum cancellatum,-0.0094,False,False,False,False,Orthetrum cancellatum,0.776,False,False,False,False,Orthetrum cancellatum,-0.0113,False,True,False,False,Orthetrum cancellatum,0.856,False,False,False,False
AODON354-20,Orthetrum cancellatum,Orthetrum,known,Orthetrum cancellatum,Orthetrum,Orthetrum cancellatum,Orthetrum cancellatum,-0.0078,False,False,False,False,Orthetrum cancellatum,0.916,False,False,False,False,Orthetrum cancellatum,-0.0077,False,False,False,False,Orthetrum cancellatum,0.982,False,False,False,False
ZPLOD833-20,Orthetrum coerulescens,Orthetrum,known,Orthetrum coerulescens,Orthetrum,Orthetrum coerulescens,Orthetrum coerulescens,-0.0061,False,False,False,False,Orthetrum coerulescens,0.968,False,False,False,False,Orthetrum coerulescens,-0.0072,False,False,False,False,Orthetrum coerulescens,0.876,False,False,False,False
AODON520-20,Orthetrum coerulescens,Orthetrum,known,Orthetrum coerulescens,Orthetrum,Orthetrum coerulescens,Orthetrum coerulescens,-0.0137,True,True,True,False,Orthetrum coerulescens,0.654,False,False,False,False,Orthetrum coerulescens,-0.0141,True,True,True,False,Orthetrum coerulescens,0.92,False,False,False,False
DTNHM5971-23,Orthetrum coerulescens,Orthetrum,known,Orthetrum coerulescens,Orthetrum,Orthetrum coerulescens,Orthetrum coerulescens,-0.0068,False,False,False,False,Orthetrum coerulescens,0.946,False,False,False,False,Orthetrum coerulescens,-0.0078,False,False,False,False,Orthetrum coerulescens,0.934,False,False,False,False
GBAAW78362-24,Orthetrum coerulescens,Orthetrum,known,Orthetrum coerulescens,Orthetrum,Orthetrum coerulescens,Orthetrum coerulescens,-0.0115,True,True,True,False,Orthetrum coerulescens,0.778,False,False,False,False,Orthetrum coerulescens,-0.0116,False,True,False,False,Orthetrum coerulescens,0.878,False,False,False,False
LEFIJ29522-22,Orthetrum coerulescens,Orthetrum,known,Orthetrum coerulescens,Orthetrum,Orthetrum coerulescens,Orthetrum coerulescens,-0.0044,False,False,False,False,Orthetrum coerulescens,0.876,False,False,False,False,Orthetrum coerulescens,-0.0054,False,False,False,False,Orthetrum coerulescens,0.942,False,False,False,False
GBAAY36359-24,Orthetrum coerulescens,Orthetrum,known,Orthetrum coerulescens,Orthetrum,Orthetrum coerulescens,Orthetrum coerulescens,-0.0031,False,False,False,False,Orthetrum coerulescens,0.958,False,False,False,False,Orthetrum coerulescens,-0.0038,False,False,False,False,Orthetrum coerulescens,0.986,False,False,False,False
ZPLOD651-20,Orthetrum coerulescens,Orthetrum,known,Orthetrum coerulescens,Orthetrum,Orthetrum coerulescens,Orthetrum coerulescens,-0.0061,False,False,False,False,Orthetrum coerulescens,0.964,False,False,False,False,Orthetrum coerulescens,-0.0075,False,False,False,False,Orthetrum coerulescens,0.964,False,False,False,False
AODON261-20,Orthetrum coerulescens,Orthetrum,known,Orthetrum coerulescens,Orthetrum,Orthetrum coerulescens,Orthetrum coerulescens,-0.0043,False,False,False,False,Orthetrum coerulescens,0.976,False,False,False,False,Orthetrum coerulescens,-0.0048,False,False,False,False,Orthetrum coerulescens,0.974,False,False,False,False
FBAQU506-10,Orthetrum coerulescens,Orthetrum,known,Orthetrum coerulescens,Orthetrum,Orthetrum coerulescens,Orthetrum coerulescens,-0.0065,False,False,False,False,Orthetrum coerulescens,0.938,False,False,False,False,Orthetrum coerulescens,-0.0063,False,False,False,False,Orthetrum coerulescens,0.95,False,False,False,False
GBAAY36369-24,Orthetrum coerulescens,Orthetrum,known,Orthetrum coerulescens,Orthetrum,Orthetrum coerulescens,Orthetrum coerulescens,-0.0097,False,False,False,False,Orthetrum coerulescens,0.708,False,False,False,False,Orthetrum coerulescens,-0.0125,True,True,True,False,Orthetrum coerulescens,0.922,False,False,False,False
GBAAW78360-24,Orthetrum coerulescens,Orthetrum,known,Orthetrum coerulescens,Orthetrum,Orthetrum coerulescens,Orthetrum coerulescens,-0.0087,False,False,False,False,Orthetrum coerulescens,0.874,False,False,False,False,Orthetrum coerulescens,-0.0092,False,False,False,False,Orthetrum coerulescens,0.952,False,False,False,False
GBMIN88627-17,Pyrrhosoma elisabethae,Pyrrhosoma,known,Pyrrhosoma elisabethae,Pyrrhosoma,Pyrrhosoma elisabethae,Pyrrhosoma elisabethae,-0.0038,False,False,False,False,Pyrrhosoma elisabethae,0.982,False,False,False,False,Pyrrhosoma elisabethae,-0.005,False,False,False,False,Pyrrhosoma elisabethae,0.998,False,False,False,False
ARISE3190-26,Pyrrhosoma nymphula,Pyrrhosoma,unknown,Pyrrhosoma elisabethae,Pyrrhosoma,Pyrrhosoma elisabethae,Pyrrhosoma elisabethae,-0.0195,True,True,True,True,Pyrrhosoma elisabethae,0.24,True,True,True,True,Pyrrhosoma elisabethae,-0.0231,True,True,True,True,Pyrrhosoma elisabethae,0.354,True,True,True,False
GBMIN88635-17,Pyrrhosoma nymphula,Pyrrhosoma,unknown,Pyrrhosoma elisabethae,Pyrrhosoma,Pyrrhosoma elisabethae,Pyrrhosoma elisabethae,-0.0181,True,True,True,True,Pyrrhosoma elisabethae,0.492,False,True,False,False,Pyrrhosoma elisabethae,-0.0223,True,True,True,True,Pyrrhosoma elisabethae,0.652,False,False,False,False
AODON003-20,Pyrrhosoma nymphula,Pyrrhosoma,unknown,Pyrrhosoma elisabethae,Pyrrhosoma,Pyrrhosoma elisabethae,Pyrrhosoma elisabethae,-0.0193,True,True,True,True,Pyrrhosoma elisabethae,0.248,True,True,True,True,Pyrrhosoma elisabethae,-0.0231,True,True,True,True,Pyrrhosoma elisabethae,0.352,True,True,True,False
AODON413-20,Pyrrhosoma nymphula,Pyrrhosoma,unknown,Pyrrhosoma elisabethae,Pyrrhosoma,Pyrrhosoma elisabethae,Pyrrhosoma elisabethae,-0.0196,True,True,True,True,Pyrrhosoma elisabethae,0.192,True,True,True,True,Pyrrhosoma elisabethae,-0.0238,True,True,True,True,Pyrrhosoma elisabethae,0.34,True,True,True,True
ODTRI003-14,Pyrrhosoma nymphula,Pyrrhosoma,unknown,Pyrrhosoma elisabethae,Pyrrhosoma,Pyrrhosoma elisabethae,Pyrrhosoma elisabethae,-0.0196,True,True,True,True,Pyrrhosoma elisabethae,0.412,True,True,True,False,Pyrrhosoma elisabethae,-0.022,True,True,True,True,Pyrrhosoma elisabethae,0.694,False,False,False,False
AODON342-20,Pyrrhosoma nymphula,Pyrrhosoma,unknown,Pyrrhosoma elisabethae,Pyrrhosoma,Pyrrhosoma elisabethae,Pyrrhosoma elisabethae,-0.0206,True,True,True,True,Pyrrhosoma elisabethae,0.186,True,True,True,True,Pyrrhosoma elisabethae,-0.0247,True,True,True,True,Pyrrhosoma elisabethae,0.338,True,True,True,True
ODTRI002-14,Pyrrhosoma nymphula,Pyrrhosoma,unknown,Pyrrhosoma elisabethae,Pyrrhosoma,Pyrrhosoma elisabethae,Pyrrhosoma elisabethae,-0.0206,True,True,True,True,Pyrrhosoma elisabethae,0.36,True,True,True,False,Pyrrhosoma elisabethae,-0.0237,True,True,True,True,Pyrrhosoma elisabethae,0.638,False,False,False,False
FBAQU510-10,Pyrrhosoma nymphula,Pyrrhosoma,unknown,Pyrrhosoma elisabethae,Pyrrhosoma,Pyrrhosoma elisabethae,Pyrrhosoma elisabethae,-0.0213,True,True,True,True,Pyrrhosoma elisabethae,0.34,True,True,True,False,Pyrrhosoma elisabethae,-0.0237,True,True,True,True,Pyrrhosoma elisabethae,0.634,False,False,False,False
GBMIN88636-17,Pyrrhosoma nymphula,Pyrrhosoma,unknown,Pyrrhosoma elisabethae,Pyrrhosoma,Pyrrhosoma elisabethae,Pyrrhosoma elisabethae,-0.0191,True,True,True,True,Pyrrhosoma elisabethae,0.45,True,True,True,False,Pyrrhosoma elisabethae,-0.0227,True,True,True,True,Pyrrhosoma elisabethae,0.636,False,False,False,False
AODON348-20,Pyrrhosoma nymphula,Pyrrhosoma,unknown,Pyrrhosoma elisabethae,Pyrrhosoma,Pyrrhosoma elisabethae,Pyrrhosoma elisabethae,-0.0208,True,True,True,True,Pyrrhosoma elisabethae,0.176,True,True,True,True,Pyrrhosoma elisabethae,-0.0246,True,True,True,True,Pyrrhosoma elisabethae,0.34,True,True,True,True
AODON949-22,Pyrrhosoma nymphula,Pyrrhosoma,unknown,Pyrrhosoma elisabethae,Pyrrhosoma,Pyrrhosoma elisabethae,Pyrrhosoma elisabethae,-0.0203,True,True,True,True,Pyrrhosoma elisabethae,0.206,True,True,True,True,Pyrrhosoma elisabethae,-0.0238,True,True,True,True,Pyrrhosoma elisabethae,0.332,True,True,True,True
GBUPS204-14,Pyrrhosoma nymphula,Pyrrhosoma,unknown,Pyrrhosoma elisabethae,Pyrrhosoma,Pyrrhosoma elisabethae,Pyrrhosoma elisabethae,-0.0197,True,True,True,True,Pyrrhosoma elisabethae,0.23,True,True,True,True,Pyrrhosoma elisabethae,-0.0244,True,True,True,True,Pyrrhosoma elisabethae,0.34,True,True,True,True
GBMIN88634-17,Pyrrhosoma nymphula,Pyrrhosoma,unknown,Pyrrhosoma elisabethae,Pyrrhosoma,Pyrrhosoma elisabethae,Pyrrhosoma elisabethae,-0.02,True,True,True,True,Pyrrhosoma elisabethae,0.508,False,True,False,False,Pyrrhosoma elisabethae,-0.0222,True,True,True,True,Pyrrhosoma elisabethae,0.692,False,False,False,False
GBMIN88641-17,Pyrrhosoma nymphula,Pyrrhosoma,unknown,Pyrrhosoma elisabethae,Pyrrhosoma,Pyrrhosoma elisabethae,Pyrrhosoma elisabethae,-0.019,True,True,True,True,Pyrrhosoma elisabethae,0.51,False,True,False,False,Pyrrhosoma elisabethae,-0.0228,True,True,True,True,Pyrrhosoma elisabethae,0.632,False,False,False,False
AODON414-20,Pyrrhosoma nymphula,Pyrrhosoma,unknown,Pyrrhosoma elisabethae,Pyrrhosoma,Pyrrhosoma elisabethae,Pyrrhosoma elisabethae,-0.0199,True,True,True,True,Pyrrhosoma elisabethae,0.238,True,True,True,True,Pyrrhosoma elisabethae,-0.0236,True,True,True,True,Pyrrhosoma elisabethae,0.346,True,True,True,True
GBMIN88642-17,Pyrrhosoma nymphula,Pyrrhosoma,unknown,Pyrrhosoma elisabethae,Pyrrhosoma,Pyrrhosoma elisabethae,Pyrrhosoma elisabethae,-0.0177,True,True,True,True,Pyrrhosoma elisabethae,0.58,False,False,False,False,Pyrrhosoma elisabethae,-0.02,True,True,True,True,Pyrrhosoma elisabethae,0.72,False,False,False,False
GBAAW56261-24,Pyrrhosoma nymphula,Pyrrhosoma,unknown,Pyrrhosoma elisabethae,Pyrrhosoma,Pyrrhosoma elisabethae,Pyrrhosoma elisabethae,-0.0172,True,True,True,True,Pyrrhosoma elisabethae,0.488,False,True,False,False,Pyrrhosoma elisabethae,-0.0216,True,True,True,True,Pyrrhosoma elisabethae,0.66,False,False,False,False
GBUPS203-14,Pyrrhosoma nymphula,Pyrrhosoma,unknown,Pyrrhosoma elisabethae,Pyrrhosoma,Pyrrhosoma elisabethae,Pyrrhosoma elisabethae,-0.0198,True,True,True,True,Pyrrhosoma elisabethae,0.226,True,True,True,True,Pyrrhosoma elisabethae,-0.0239,True,True,True,True,Pyrrhosoma elisabethae,0.34,True,True,True,True
FBAQU202-09,Pyrrhosoma nymphula,Pyrrhosoma,unknown,Pyrrhosoma elisabethae,Pyrrhosoma,Pyrrhosoma elisabethae,Pyrrhosoma elisabethae,-0.02,True,True,True,True,Pyrrhosoma elisabethae,0.232,True,True,True,True,Pyrrhosoma elisabethae,-0.0238,True,True,True,True,Pyrrhosoma elisabethae,0.332,True,True,True,True
AODON401-20,Pyrrhosoma nymphula,Pyrrhosoma,unknown,Pyrrhosoma elisabethae,Pyrrhosoma,Pyrrhosoma elisabethae,Pyrrhosoma elisabethae,-0.0195,True,True,True,True,Pyrrhosoma elisabethae,0.208,True,True,True,True,Pyrrhosoma elisabethae,-0.0234,True,True,True,True,Pyrrhosoma elisabethae,0.342,True,True,True,True
LEFIJ29497-22,Pyrrhosoma nymphula,Pyrrhosoma,unknown,Pyrrhosoma elisabethae,Pyrrhosoma,Pyrrhosoma elisabethae,Pyrrhosoma elisabethae,-0.0196,True,True,True,True,Pyrrhosoma elisabethae,0.298,True,True,True,True,Pyrrhosoma elisabethae,-0.0219,True,True,True,True,Pyrrhosoma elisabethae,0.396,True,True,True,False
AODON013-20,Pyrrhosoma nymphula,Pyrrhosoma,unknown,Pyrrhosoma elisabethae,Pyrrhosoma,Pyrrhosoma elisabethae,Pyrrhosoma elisabethae,-0.0194,True,True,True,True,Pyrrhosoma elisabethae,0.282,True,True,True,True,Pyrrhosoma elisabethae,-0.0217,True,True,True,True,Pyrrhosoma elisabethae,0.394,True,True,True,False
ROMAC863-22,Pyrrhosoma nymphula,Pyrrhosoma,unknown,Pyrrhosoma elisabethae,Pyrrhosoma,Pyrrhosoma elisabethae,Pyrrhosoma elisabethae,-0.0195,True,True,True,True,Pyrrhosoma elisabethae,0.276,True,True,True,True,Pyrrhosoma elisabethae,-0.0217,True,True,True,True,Pyrrhosoma elisabethae,0.398,True,True,True,False
GBAAW56259-24,Pyrrhosoma nymphula,Pyrrhosoma,unknown,Pyrrhosoma elisabethae,Pyrrhosoma,Pyrrhosoma elisabethae,Pyrrhosoma elisabethae,-0.0181,True,True,True,True,Pyrrhosoma elisabethae,0.488,False,True,False,False,Pyrrhosoma elisabethae,-0.0223,True,True,True,True,Pyrrhosoma elisabethae,0.654,False,False,False,False
GBAAW56262-24,Pyrrhosoma nymphula,Pyrrhosoma,unknown,Pyrrhosoma elisabethae,Pyrrhosoma,Pyrrhosoma elisabethae,Pyrrhosoma elisabethae,-0.0175,True,True,True,True,Pyrrhosoma elisabethae,0.404,True,True,True,False,Pyrrhosoma elisabethae,-0.0217,True,True,True,True,Pyrrhosoma elisabethae,0.488,True,True,True,False
HMYZ137-21,Pyrrhosoma nymphula,Pyrrhosoma,unknown,Pyrrhosoma elisabethae,Pyrrhosoma,Pyrrhosoma elisabethae,Pyrrhosoma elisabethae,-0.0189,True,True,True,True,Pyrrhosoma elisabethae,0.21,True,True,True,True,Pyrrhosoma elisabethae,-0.0231,True,True,True,True,Pyrrhosoma elisabethae,0.34,True,True,True,True
GBODO152-18,Pyrrhosoma nymphula,Pyrrhosoma,unknown,Pyrrhosoma elisabethae,Pyrrhosoma,Pyrrhosoma elisabethae,Pyrrhosoma elisabethae,-0.0201,True,True,True,True,Pyrrhosoma elisabethae,0.25,True,True,True,True,Pyrrhosoma elisabethae,-0.0238,True,True,True,True,Pyrrhosoma elisabethae,0.336,True,True,True,True
AODON278-20,Pyrrhosoma nymphula,Pyrrhosoma,unknown,Pyrrhosoma elisabethae,Pyrrhosoma,Pyrrhosoma elisabethae,Pyrrhosoma elisabethae,-0.0189,True,True,True,True,Pyrrhosoma elisabethae,0.254,True,True,True,True,Pyrrhosoma elisabethae,-0.0237,True,True,True,True,Pyrrhosoma elisabethae,0.352,True,True,True,False
ZPLOD696-20,Pyrrhosoma nymphula,Pyrrhosoma,unknown,Pyrrhosoma elisabethae,Pyrrhosoma,Pyrrhosoma elisabethae,Pyrrhosoma elisabethae,-0.0124,True,True,True,False,Pyrrhosoma elisabethae,0.37,True,True,True,False,Pyrrhosoma elisabethae,-0.0149,True,True,True,False,Pyrrhosoma elisabethae,0.486,True,True,True,False
AODON419-20,Pyrrhosoma nymphula,Pyrrhosoma,unknown,Pyrrhosoma elisabethae,Pyrrhosoma,Pyrrhosoma elisabethae,Pyrrhosoma elisabethae,-0.0195,True,True,True,True,Pyrrhosoma elisabethae,0.25,True,True,True,True,Pyrrhosoma elisabethae,-0.0236,True,True,True,True,Pyrrhosoma elisabethae,0.35,True,True,True,False
FBAQU321-09,Pyrrhosoma nymphula,Pyrrhosoma,unknown,Pyrrhosoma elisabethae,Pyrrhosoma,Pyrrhosoma elisabethae,Pyrrhosoma elisabethae,-0.0191,True,True,True,True,Pyrrhosoma elisabethae,0.246,True,True,True,True,Pyrrhosoma elisabethae,-0.0237,True,True,True,True,Pyrrhosoma elisabethae,0.354,True,True,True,False
AODON170-20,Pyrrhosoma nymphula,Pyrrhosoma,unknown,Pyrrhosoma elisabethae,Pyrrhosoma,Pyrrhosoma elisabethae,Pyrrhosoma elisabethae,-0.0193,True,True,True,True,Pyrrhosoma elisabethae,0.28,True,True,True,True,Pyrrhosoma elisabethae,-0.0232,True,True,True,True,Pyrrhosoma elisabethae,0.352,True,True,True,False
FBAQU509-10,Pyrrhosoma nymphula,Pyrrhosoma,unknown,Pyrrhosoma elisabethae,Pyrrhosoma,Pyrrhosoma elisabethae,Pyrrhosoma elisabethae,-0.0208,True,True,True,True,Pyrrhosoma elisabethae,0.34,True,True,True,False,Pyrrhosoma elisabethae,-0.0242,True,True,True,True,Pyrrhosoma elisabethae,0.636,False,False,False,False
ZPLOD701-20,Selysiothemis nigra,Selysiothemis,known,Selysiothemis nigra,Selysiothemis,Selysiothemis nigra,Selysiothemis nigra,-0.0043,False,False,False,False,Selysiothemis nigra,0.958,False,False,False,False,Selysiothemis nigra,-0.0053,False,False,False,False,Selysiothemis nigra,0.99,False,False,False,False
FBAQU516-10,Sympetrum danae,Sympetrum,known,Sympetrum danae,Sympetrum,Sympetrum danae,Sympetrum danae,-0.0044,False,False,False,False,Sympetrum danae,0.758,False,False,False,False,Sympetrum danae,-0.0049,False,False,False,False,Sympetrum danae,0.94,False,False,False,False
AODON260-20,Sympetrum danae,Sympetrum,known,Sympetrum danae,Sympetrum,Sympetrum danae,Sympetrum danae,-0.0043,False,False,False,False,Sympetrum danae,0.96,False,False,False,False,Sympetrum danae,-0.0053,False,False,False,False,Sympetrum danae,0.982,False,False,False,False
AODON298-20,Sympetrum danae,Sympetrum,known,Sympetrum danae,Sympetrum,Sympetrum danae,Sympetrum danae,-0.0043,False,False,False,False,Sympetrum danae,0.978,False,False,False,False,Sympetrum danae,-0.0053,False,False,False,False,Sympetrum danae,0.974,False,False,False,False
AODON724-20,Sympetrum depressiusculum,Sympetrum,known,Sympetrum depressiusculum,Sympetrum,Sympetrum depressiusculum,Sympetrum depressiusculum,-0.0043,False,False,False,False,Sympetrum depressiusculum,0.944,False,False,False,False,Sympetrum depressiusculum,-0.0053,False,False,False,False,Sympetrum depressiusculum,0.96,False,False,False,False
LEFIJ29530-22,Sympetrum flaveolum,Sympetrum,known,Sympetrum flaveolum,Sympetrum,Sympetrum flaveolum,Sympetrum flaveolum,-0.0037,False,False,False,False,Sympetrum flaveolum,0.902,False,False,False,False,Sympetrum flaveolum,-0.0038,False,False,False,False,Sympetrum flaveolum,0.904,False,False,False,False
FBAQU517-10,Sympetrum fonscolombii,Sympetrum,known,Sympetrum fonscolombii,Sympetrum,Sympetrum fonscolombii,Sympetrum fonscolombii,-0.0098,False,False,False,False,Sympetrum fonscolombii,0.87,False,False,False,False,Sympetrum fonscolombii,-0.0109,False,True,False,False,Sympetrum fonscolombii,0.968,False,False,False,False
PLSW088-20,Sympetrum fonscolombii,Sympetrum,known,Sympetrum fonscolombii,Sympetrum,Sympetrum fonscolombii,Sympetrum fonscolombii,-0.0015,False,False,False,False,Sympetrum fonscolombii,1.0,False,False,False,False,Sympetrum fonscolombii,-0.0015,False,False,False,False,Sympetrum fonscolombii,1.0,False,False,False,False
AODON688-20,Sympetrum fonscolombii,Sympetrum,known,Sympetrum fonscolombii,Sympetrum,Sympetrum fonscolombii,Sympetrum fonscolombii,-0.0046,False,False,False,False,Sympetrum fonscolombii,0.994,False,False,False,False,Sympetrum fonscolombii,-0.0055,False,False,False,False,Sympetrum fonscolombii,0.996,False,False,False,False
TRSKA2057-20,Sympetrum meridionale,Sympetrum,known,Sympetrum meridionale,Sympetrum,Sympetrum meridionale,Sympetrum meridionale,-0.0048,False,False,False,False,Sympetrum meridionale,0.936,False,False,False,False,Sympetrum meridionale,-0.0058,False,False,False,False,Sympetrum meridionale,0.938,False,False,False,False
ODOBP3565-16,Sympetrum meridionale,Sympetrum,known,Sympetrum meridionale,Sympetrum,Sympetrum meridionale,Sympetrum meridionale,-0.0015,False,False,False,False,Sympetrum meridionale,0.988,False,False,False,False,Sympetrum meridionale,-0.0015,False,False,False,False,Sympetrum meridionale,0.998,False,False,False,False
GBEPT950-14,Sympetrum meridionale,Sympetrum,known,Sympetrum meridionale,Sympetrum,Sympetrum meridionale,Sympetrum meridionale,-0.0206,True,True,True,True,Sympetrum meridionale,0.324,True,True,True,True,Sympetrum meridionale,-0.0226,True,True,True,True,Sympetrum meridionale,0.514,False,True,False,False
TRSKA2113-20,Sympetrum meridionale,Sympetrum,known,Sympetrum meridionale,Sympetrum,Sympetrum meridionale,Sympetrum meridionale,-0.0015,False,False,False,False,Sympetrum meridionale,0.98,False,False,False,False,Sympetrum meridionale,-0.0015,False,False,False,False,Sympetrum meridionale,0.988,False,False,False,False
ZPLOD781-20,Sympetrum pedemontanum,Sympetrum,known,Sympetrum pedemontanum,Sympetrum,Sympetrum pedemontanum,Sympetrum pedemontanum,-0.0043,False,False,False,False,Sympetrum pedemontanum,0.96,False,False,False,False,Sympetrum pedemontanum,-0.0053,False,False,False,False,Sympetrum pedemontanum,0.996,False,False,False,False
AODON141-20,Sympetrum pedemontanum,Sympetrum,known,Sympetrum pedemontanum,Sympetrum,Sympetrum pedemontanum,Sympetrum pedemontanum,-0.0043,False,False,False,False,Sympetrum pedemontanum,0.972,False,False,False,False,Sympetrum pedemontanum,-0.0053,False,False,False,False,Sympetrum pedemontanum,0.964,False,False,False,False
HMYZ206-23,Sympetrum sanguineum,Sympetrum,known,Sympetrum sanguineum,Sympetrum,Sympetrum sanguineum,Sympetrum sanguineum,-0.0095,False,False,False,False,Sympetrum sanguineum,0.89,False,False,False,False,Sympetrum sanguineum,-0.0094,False,False,False,False,Sympetrum sanguineum,0.95,False,False,False,False
AODON353-20,Sympetrum sanguineum,Sympetrum,known,Sympetrum sanguineum,Sympetrum,Sympetrum sanguineum,Sympetrum sanguineum,-0.0084,False,False,False,False,Sympetrum sanguineum,0.818,False,False,False,False,Sympetrum sanguineum,-0.0085,False,False,False,False,Sympetrum sanguineum,0.94,False,False,False,False
AODON539-20,Sympetrum sanguineum,Sympetrum,known,Sympetrum sanguineum,Sympetrum,Sympetrum sanguineum,Sympetrum sanguineum,-0.0068,False,False,False,False,Sympetrum sanguineum,0.964,False,False,False,False,Sympetrum sanguineum,-0.0065,False,False,False,False,Sympetrum sanguineum,0.988,False,False,False,False
ZPLOD790-20,Sympetrum sanguineum,Sympetrum,known,Sympetrum sanguineum,Sympetrum,Sympetrum sanguineum,Sympetrum sanguineum,-0.0015,False,False,False,False,Sympetrum sanguineum,0.968,False,False,False,False,Sympetrum sanguineum,-0.0015,False,False,False,False,Sympetrum sanguineum,0.962,False,False,False,False
FBAQU554-10,Sympetrum sanguineum,Sympetrum,known,Sympetrum sanguineum,Sympetrum,Sympetrum sanguineum,Sympetrum sanguineum,-0.0043,False,False,False,False,Sympetrum sanguineum,0.956,False,False,False,False,Sympetrum sanguineum,-0.0053,False,False,False,False,Sympetrum sanguineum,0.944,False,False,False,False
PLSW068-20,Sympetrum sanguineum,Sympetrum,known,Sympetrum sanguineum,Sympetrum,Sympetrum sanguineum,Sympetrum sanguineum,-0.0061,False,False,False,False,Sympetrum sanguineum,0.93,False,False,False,False,Sympetrum sanguineum,-0.0075,False,False,False,False,Sympetrum sanguineum,0.966,False,False,False,False
AODON882-22,Sympetrum sanguineum,Sympetrum,known,Sympetrum sanguineum,Sympetrum,Sympetrum sanguineum,Sympetrum sanguineum,-0.0058,False,False,False,False,Sympetrum sanguineum,0.936,False,False,False,False,Sympetrum sanguineum,-0.006,False,False,False,False,Sympetrum sanguineum,0.964,False,False,False,False
AODON329-20,Sympetrum striolatum,Sympetrum,known,Sympetrum striolatum,Sympetrum,Sympetrum striolatum,Sympetrum striolatum,-0.0078,False,False,False,False,Sympetrum striolatum,0.88,False,False,False,False,Sympetrum striolatum,-0.0074,False,False,False,False,Sympetrum striolatum,0.966,False,False,False,False
ODOBP9073-23,Sympetrum striolatum,Sympetrum,known,Sympetrum striolatum,Sympetrum,Sympetrum striolatum,Sympetrum striolatum,-0.0021,False,False,False,False,Sympetrum striolatum,0.99,False,False,False,False,Sympetrum striolatum,-0.0022,False,False,False,False,Sympetrum striolatum,1.0,False,False,False,False
AODON629-20,Sympetrum striolatum,Sympetrum,known,Sympetrum striolatum,Sympetrum,Sympetrum striolatum,Sympetrum striolatum,-0.0043,False,False,False,False,Sympetrum striolatum,0.972,False,False,False,False,Sympetrum striolatum,-0.0053,False,False,False,False,Sympetrum striolatum,0.972,False,False,False,False
ANBIO101-19,Sympetrum striolatum,Sympetrum,known,Sympetrum sanguineum,Sympetrum,Sympetrum sanguineum,Sympetrum sanguineum,-0.0083,False,False,False,False,Sympetrum sanguineum,0.788,False,False,False,False,Sympetrum sanguineum,-0.01,False,False,False,False,Sympetrum sanguineum,0.902,False,False,False,False
ZMBN328-16,Sympetrum striolatum,Sympetrum,known,Sympetrum striolatum,Sympetrum,Sympetrum striolatum,Sympetrum striolatum,-0.0043,False,False,False,False,Sympetrum striolatum,0.958,False,False,False,False,Sympetrum striolatum,-0.0053,False,False,False,False,Sympetrum striolatum,0.938,False,False,False,False
TRSKA2739-20,Sympetrum striolatum,Sympetrum,known,Sympetrum striolatum,Sympetrum,Sympetrum striolatum,Sympetrum striolatum,-0.0021,False,False,False,False,Sympetrum striolatum,0.998,False,False,False,False,Sympetrum striolatum,-0.0022,False,False,False,False,Sympetrum striolatum,0.998,False,False,False,False
GBMHO3219-19,Sympetrum vulgatum,Sympetrum,unknown,Sympetrum striolatum,Sympetrum,Sympetrum striolatum,Sympetrum striolatum,-0.0287,True,True,True,True,Sympetrum striolatum,0.14,True,True,True,True,Sympetrum danae,-0.0373,True,True,True,True,Sympetrum depressiusculum,0.11,True,True,True,True
LEFIJ29532-22,Sympetrum vulgatum,Sympetrum,unknown,Sympetrum striolatum,Sympetrum,Sympetrum striolatum,Sympetrum striolatum,-0.0285,True,True,True,True,Sympetrum striolatum,0.108,True,True,True,True,Sympetrum striolatum,-0.0371,True,True,True,True,Sympetrum danae,0.1,True,True,True,True
AODON631-20,Sympetrum vulgatum,Sympetrum,unknown,Sympetrum striolatum,Sympetrum,Sympetrum striolatum,Sympetrum striolatum,-0.0289,True,True,True,True,Sympetrum striolatum,0.132,True,True,True,True,Sympetrum striolatum,-0.037,True,True,True,True,Sympetrum danae,0.1,True,True,True,True
AODON273-20,Sympetrum vulgatum,Sympetrum,unknown,Sympetrum striolatum,Sympetrum,Sympetrum striolatum,Sympetrum striolatum,-0.0282,True,True,True,True,Sympetrum striolatum,0.136,True,True,True,True,Sympetrum striolatum,-0.0368,True,True,True,True,Sympetrum danae,0.102,True,True,True,True
AODON272-20,Sympetrum vulgatum,Sympetrum,unknown,Sympetrum striolatum,Sympetrum,Sympetrum striolatum,Sympetrum striolatum,-0.0289,True,True,True,True,Sympetrum striolatum,0.124,True,True,True,True,Sympetrum danae,-0.0364,True,True,True,True,Sympetrum danae,0.104,True,True,True,True
AODON355-20,Sympetrum vulgatum,Sympetrum,unknown,Sympetrum striolatum,Sympetrum,Sympetrum striolatum,Sympetrum striolatum,-0.0292,True,True,True,True,Sympetrum striolatum,0.098,True,True,True,True,Sympetrum danae,-0.0368,True,True,True,True,Sympetrum danae,0.102,True,True,True,True
GBMHO3209-19,Sympetrum vulgatum,Sympetrum,unknown,Sympetrum striolatum,Sympetrum,Sympetrum striolatum,Sympetrum striolatum,-0.0279,True,True,True,True,Sympetrum striolatum,0.162,True,True,True,True,Sympetrum striolatum,-0.0367,True,True,True,True,Sympetrum danae,0.098,True,True,True,True
GBMHO3214-19,Sympetrum vulgatum,Sympetrum,unknown,Sympetrum striolatum,Sympetrum,Sympetrum striolatum,Sympetrum striolatum,-0.0304,True,True,True,True,Sympetrum striolatum,0.13,True,True,True,True,Sympetrum danae,-0.0392,True,True,True,True,Sympetrum depressiusculum,0.102,True,True,True,True
GBMHO3216-19,Sympetrum vulgatum,Sympetrum,unknown,Sympetrum striolatum,Sympetrum,Sympetrum striolatum,Sympetrum striolatum,-0.0286,True,True,True,True,Sympetrum striolatum,0.13,True,True,True,True,Sympetrum striolatum,-0.0371,True,True,True,True,Sympetrum depressiusculum,0.11,True,True,True,True
GBODO113-18,Sympetrum vulgatum,Sympetrum,unknown,Sympetrum striolatum,Sympetrum,Sympetrum striolatum,Sympetrum striolatum,-0.0284,True,True,True,True,Sympetrum striolatum,0.12,True,True,True,True,Sympetrum striolatum,-0.0366,True,True,True,True,Sympetrum danae,0.108,True,True,True,True
AODON763-20,Sympetrum vulgatum,Sympetrum,unknown,Sympetrum striolatum,Sympetrum,Sympetrum striolatum,Sympetrum striolatum,-0.0285,True,True,True,True,Sympetrum striolatum,0.134,True,True,True,True,Sympetrum danae,-0.0366,True,True,True,True,Sympetrum danae,0.104,True,True,True,True
AODON111-20,Sympetrum vulgatum,Sympetrum,unknown,Sympetrum striolatum,Sympetrum,Sympetrum striolatum,Sympetrum striolatum,-0.0277,True,True,True,True,Sympetrum striolatum,0.144,True,True,True,True,Sympetrum striolatum,-0.0369,True,True,True,True,Sympetrum danae,0.102,True,True,True,True
LEFIJ5933-17,Sympetrum vulgatum,Sympetrum,unknown,Sympetrum striolatum,Sympetrum,Sympetrum striolatum,Sympetrum striolatum,-0.0284,True,True,True,True,Sympetrum striolatum,0.136,True,True,True,True,Sympetrum danae,-0.0371,True,True,True,True,Sympetrum danae,0.094,True,True,True,True
AODON118-20,Sympetrum vulgatum,Sympetrum,unknown,Sympetrum striolatum,Sympetrum,Sympetrum striolatum,Sympetrum striolatum,-0.0283,True,True,True,True,Sympetrum striolatum,0.136,True,True,True,True,Sympetrum striolatum,-0.0366,True,True,True,True,Sympetrum danae,0.104,True,True,True,True
AODON713-20,Sympetrum vulgatum,Sympetrum,unknown,Sympetrum striolatum,Sympetrum,Sympetrum striolatum,Sympetrum striolatum,-0.0276,True,True,True,True,Sympetrum striolatum,0.134,True,True,True,True,Sympetrum striolatum,-0.0363,True,True,True,True,Sympetrum depressiusculum,0.096,True,True,True,True
AODON379-20,Sympetrum vulgatum,Sympetrum,unknown,Sympetrum striolatum,Sympetrum,Sympetrum striolatum,Sympetrum striolatum,-0.0284,True,True,True,True,Sympetrum striolatum,0.134,True,True,True,True,Sympetrum striolatum,-0.0373,True,True,True,True,Sympetrum danae,0.104,True,True,True,True
AODON879-22,Sympetrum vulgatum,Sympetrum,unknown,Sympetrum striolatum,Sympetrum,Sympetrum striolatum,Sympetrum striolatum,-0.0285,True,True,True,True,Sympetrum striolatum,0.142,True,True,True,True,Sympetrum danae,-0.0366,True,True,True,True,Sympetrum danae,0.104,True,True,True,True
LEFIJ29531-22,Sympetrum vulgatum,Sympetrum,unknown,Sympetrum striolatum,Sympetrum,Sympetrum striolatum,Sympetrum striolatum,-0.0289,True,True,True,True,Sympetrum striolatum,0.092,True,True,True,True,Sympetrum danae,-0.0365,True,True,True,True,Sympetrum danae,0.106,True,True,True,True
PLSW082-20,Sympetrum vulgatum,Sympetrum,unknown,Sympetrum striolatum,Sympetrum,Sympetrum striolatum,Sympetrum striolatum,-0.0293,True,True,True,True,Sympetrum striolatum,0.132,True,True,True,True,Sympetrum danae,-0.0372,True,True,True,True,Sympetrum danae,0.102,True,True,True,True
GBMHO3212-19,Sympetrum vulgatum,Sympetrum,unknown,Sympetrum striolatum,Sympetrum,Sympetrum striolatum,Sympetrum striolatum,-0.028,True,True,True,True,Sympetrum striolatum,0.162,True,True,True,True,Sympetrum striolatum,-0.0372,True,True,True,True,Sympetrum danae,0.1,True,True,True,True
GBMHO3215-19,Sympetrum vulgatum,Sympetrum,unknown,Sympetrum striolatum,Sympetrum,Sympetrum striolatum,Sympetrum striolatum,-0.0315,True,True,True,True,Sympetrum striolatum,0.12,True,True,True,True,Sympetrum sanguineum,-0.0396,True,True,True,True,Sympetrum danae,0.102,True,True,True,True
GBMHO3217-19,Sympetrum vulgatum,Sympetrum,unknown,Sympetrum striolatum,Sympetrum,Sympetrum striolatum,Sympetrum striolatum,-0.0301,True,True,True,True,Sympetrum striolatum,0.13,True,True,True,True,Sympetrum danae,-0.0386,True,True,True,True,Sympetrum depressiusculum,0.106,True,True,True,True
GBMHO3210-19,Sympetrum vulgatum,Sympetrum,unknown,Sympetrum striolatum,Sympetrum,Sympetrum striolatum,Sympetrum striolatum,-0.0279,True,True,True,True,Sympetrum striolatum,0.178,True,True,True,True,Sympetrum striolatum,-0.0367,True,True,True,True,Sympetrum danae,0.11,True,True,True,True
GBMHO3213-19,Sympetrum vulgatum,Sympetrum,unknown,Sympetrum striolatum,Sympetrum,Sympetrum striolatum,Sympetrum striolatum,-0.03,True,True,True,True,Sympetrum striolatum,0.12,True,True,True,True,Sympetrum danae,-0.0382,True,True,True,True,Sympetrum depressiusculum,0.108,True,True,True,True
ZPLOD811-20,Trithemis annulata,Trithemis,known,Trithemis annulata,Trithemis,Trithemis annulata,Trithemis annulata,-0.0043,False,False,False,False,Trithemis annulata,0.916,False,False,False,False,Trithemis annulata,-0.0053,False,False,False,False,Trithemis annulata,0.924,False,False,False,False
