query_id,true_species,true_genus,query_type,nj_predicted_species,nj_predicted_genus,nj_ref_species_in_clade,knn_k4_predicted_species,knn_k4_confidence,knn_k4_flagged_unknown,knn_k4_flagged_at_90,knn_k4_flagged_at_95,knn_k4_flagged_at_99,rf_k4_predicted_species,rf_k4_confidence,rf_k4_flagged_unknown,rf_k4_flagged_at_90,rf_k4_flagged_at_95,rf_k4_flagged_at_99,knn_k6_predicted_species,knn_k6_confidence,knn_k6_flagged_unknown,knn_k6_flagged_at_90,knn_k6_flagged_at_95,knn_k6_flagged_at_99,rf_k6_predicted_species,rf_k6_confidence,rf_k6_flagged_unknown,rf_k6_flagged_at_90,rf_k6_flagged_at_95,rf_k6_flagged_at_99
UMAAO073-24,Ceriagrion tenellum,Ceriagrion,known,Ceriagrion tenellum,Ceriagrion,Ceriagrion tenellum,Ceriagrion tenellum,-0.009,False,False,False,False,Ceriagrion tenellum,0.946,False,False,False,False,Ceriagrion tenellum,-0.0104,False,False,False,False,Ceriagrion tenellum,0.928,False,False,False,False
ZPLOD129-20,Ceriagrion tenellum,Ceriagrion,known,Ceriagrion tenellum,Ceriagrion,Ceriagrion tenellum,Ceriagrion tenellum,-0.0043,False,False,False,False,Ceriagrion tenellum,0.99,False,False,False,False,Ceriagrion tenellum,-0.0053,False,False,False,False,Ceriagrion tenellum,0.996,False,False,False,False
LEFIJ29506-22,Coenagrion armatum,Coenagrion,known,Coenagrion armatum,Coenagrion,Coenagrion armatum,Coenagrion armatum,-0.0078,False,False,False,False,Coenagrion armatum,0.74,False,False,False,False,Coenagrion armatum,-0.0096,False,False,False,False,Coenagrion armatum,0.874,False,False,False,False
ZPLOD192-20,Coenagrion caerulescens,Coenagrion,known,Coenagrion caerulescens,Coenagrion,Coenagrion caerulescens,Coenagrion caerulescens,-0.0151,True,True,True,False,Coenagrion caerulescens,0.58,False,True,False,False,Coenagrion caerulescens,-0.0175,True,True,True,False,Coenagrion caerulescens,0.726,False,False,False,False
ZPLOD189-20,Coenagrion caerulescens,Coenagrion,known,Coenagrion caerulescens,Coenagrion,Coenagrion caerulescens,Coenagrion caerulescens,-0.0157,True,True,True,False,Coenagrion caerulescens,0.528,False,True,False,False,Coenagrion caerulescens,-0.0182,True,True,True,True,Coenagrion caerulescens,0.714,False,False,False,False
ODTRI006-14,Coenagrion hastulatum,Coenagrion,known,Coenagrion hastulatum,Coenagrion,Coenagrion hastulatum,Coenagrion hastulatum,-0.0069,False,False,False,False,Coenagrion hastulatum,0.86,False,False,False,False,Coenagrion hastulatum,-0.0059,False,False,False,False,Coenagrion hastulatum,0.932,False,False,False,False
AODON483-20,Coenagrion hastulatum,Coenagrion,known,Coenagrion hastulatum,Coenagrion,Coenagrion hastulatum,Coenagrion hastulatum,-0.0072,False,False,False,False,Coenagrion hastulatum,0.838,False,False,False,False,Coenagrion hastulatum,-0.0088,False,False,False,False,Coenagrion hastulatum,0.886,False,False,False,False
AODON859-22,Coenagrion hastulatum,Coenagrion,known,Coenagrion hastulatum,Coenagrion,Coenagrion hastulatum,Coenagrion hastulatum,-0.0059,False,False,False,False,Coenagrion hastulatum,0.944,False,False,False,False,Coenagrion hastulatum,-0.0077,False,False,False,False,Coenagrion hastulatum,0.978,False,False,False,False
AODON676-20,Coenagrion hastulatum,Coenagrion,known,Coenagrion hastulatum,Coenagrion,Coenagrion hastulatum,Coenagrion hastulatum,-0.0139,True,True,True,False,Coenagrion hastulatum,0.59,False,True,False,False,Coenagrion hastulatum,-0.0129,True,True,True,False,Coenagrion hastulatum,0.83,False,False,False,False
FBAQU556-10,Coenagrion hastulatum,Coenagrion,known,Coenagrion hastulatum,Coenagrion,Coenagrion hastulatum,Coenagrion hastulatum,-0.0021,False,False,False,False,Coenagrion hastulatum,0.988,False,False,False,False,Coenagrion hastulatum,-0.0022,False,False,False,False,Coenagrion hastulatum,0.992,False,False,False,False
TRDOD076-14,Coenagrion hastulatum,Coenagrion,known,Coenagrion hastulatum,Coenagrion,Coenagrion hastulatum,Coenagrion hastulatum,-0.0036,False,False,False,False,Coenagrion hastulatum,0.908,False,False,False,False,Coenagrion hastulatum,-0.0043,False,False,False,False,Coenagrion hastulatum,0.948,False,False,False,False
PLSW010-20,Coenagrion hastulatum,Coenagrion,known,Coenagrion hastulatum,Coenagrion,Coenagrion hastulatum,Coenagrion hastulatum,-0.0081,False,False,False,False,Coenagrion hastulatum,0.818,False,False,False,False,Coenagrion hastulatum,-0.0077,False,False,False,False,Coenagrion hastulatum,0.808,False,False,False,False
LEFIJ29508-22,Coenagrion johanssoni,Coenagrion,known,Coenagrion johanssoni,Coenagrion,Coenagrion johanssoni,Coenagrion johanssoni,-0.0245,True,True,True,True,Coenagrion johanssoni,0.192,True,True,True,True,Coenagrion johanssoni,-0.0279,True,True,True,True,Coenagrion johanssoni,0.344,True,True,True,True
LEFIJ7811-18,Coenagrion lunulatum,Coenagrion,known,Coenagrion lunulatum,Coenagrion,Coenagrion lunulatum,Coenagrion lunulatum,-0.0226,True,True,True,True,Coenagrion lunulatum,0.212,True,True,True,True,Coenagrion lunulatum,-0.0285,True,True,True,True,Coenagrion armatum,0.2,True,True,True,True
GBMIN88583-17,Coenagrion mercuriale,Coenagrion,known,Coenagrion mercuriale,Coenagrion,Coenagrion mercuriale,Coenagrion mercuriale,-0.0021,False,False,False,False,Coenagrion mercuriale,0.96,False,False,False,False,Coenagrion mercuriale,-0.0021,False,False,False,False,Coenagrion mercuriale,0.996,False,False,False,False
ZPLOD203-20,Coenagrion mercuriale,Coenagrion,known,Coenagrion mercuriale,Coenagrion,Coenagrion mercuriale,Coenagrion mercuriale,-0.0043,False,False,False,False,Coenagrion mercuriale,0.944,False,False,False,False,Coenagrion mercuriale,-0.0053,False,False,False,False,Coenagrion mercuriale,0.968,False,False,False,False
AODON667-20,Coenagrion ornatum,Coenagrion,known,Coenagrion puella,Coenagrion,Coenagrion puella,Coenagrion puella,-0.0,False,False,False,False,Coenagrion ornatum,0.6881,False,False,False,False,Coenagrion puella,-0.0,False,False,False,False,Coenagrion ornatum,0.7047,False,False,False,False
AODON944-22,Coenagrion ornatum,Coenagrion,known,Coenagrion puella,Coenagrion,Coenagrion puella,Coenagrion puella,-0.0036,False,False,False,False,Coenagrion puella,0.7583,False,False,False,False,Coenagrion puella,-0.0036,False,False,False,False,Coenagrion puella,0.732,False,False,False,False
AODON518-20,Coenagrion puella,Coenagrion,known,Coenagrion puella,Coenagrion,Coenagrion puella,Coenagrion puella,-0.0043,False,False,False,False,Coenagrion ornatum,0.6398,False,False,False,False,Coenagrion puella,-0.0053,False,False,False,False,Coenagrion ornatum,0.7554,False,False,False,False
ZPLOD234-20,Coenagrion puella,Coenagrion,known,Coenagrion puella,Coenagrion,Coenagrion puella,Coenagrion puella,-0.0043,False,False,False,False,Coenagrion ornatum,0.6,False,True,False,False,Coenagrion puella,-0.0053,False,False,False,False,Coenagrion ornatum,0.695,False,False,False,False
ODOPL104-19,Coenagrion puella,Coenagrion,known,Coenagrion puella,Coenagrion,Coenagrion puella,Coenagrion puella,-0.0045,False,False,False,False,Coenagrion puella,0.9043,False,False,False,False,Coenagrion puella,-0.0039,False,False,False,False,Coenagrion puella,0.966,False,False,False,False
AODON530-20,Coenagrion puella,Coenagrion,known,Coenagrion puella,Coenagrion,Coenagrion puella,Coenagrion puella,-0.0038,False,False,False,False,Coenagrion puella,0.7639,False,False,False,False,Coenagrion puella,-0.0039,False,False,False,False,Coenagrion puella,0.7553,False,False,False,False
GBODO078-18,Coenagrion puella,Coenagrion,known,ambiguous,Coenagrion,Coenagrion ornatum;Coenagrion puella,Coenagrion puella,-0.0092,False,False,False,False,Coenagrion puella,0.7495,False,False,False,False,Coenagrion puella,-0.0122,True,True,True,False,Coenagrion puella,0.8437,False,False,False,False
GBODO176-18,Coenagrion puella,Coenagrion,known,Coenagrion puella,Coenagrion,Coenagrion puella,Coenagrion puella,-0.0043,False,False,False,False,Coenagrion ornatum,0.8743,False,False,False,False,Coenagrion puella,-0.0053,False,False,False,False,Coenagrion ornatum,0.8272,False,False,False,False
AODON007-20,Coenagrion puella,Coenagrion,known,ambiguous,Coenagrion,Coenagrion ornatum;Coenagrion puella,Coenagrion puella,-0.0043,False,False,False,False,Coenagrion ornatum,0.907,False,False,False,False,Coenagrion puella,-0.0053,False,False,False,False,Coenagrion ornatum,0.9211,False,False,False,False
ZPLOD218-20,Coenagrion puella,Coenagrion,known,Coenagrion puella,Coenagrion,Coenagrion puella,Coenagrion puella,-0.0026,False,False,False,False,Coenagrion puella,0.7489,False,False,False,False,Coenagrion puella,-0.0027,False,False,False,False,Coenagrion puella,0.6266,False,True,False,False
AODON861-22,Coenagrion puella,Coenagrion,known,ambiguous,Coenagrion,Coenagrion ornatum;Coenagrion puella,Coenagrion puella,-0.0015,False,False,False,False,Coenagrion ornatum,0.8954,False,False,False,False,Coenagrion puella,-0.0015,False,False,False,False,Coenagrion ornatum,0.9008,False,False,False,False
AODON349-20,Coenagrion puella,Coenagrion,known,Coenagrion puella,Coenagrion,Coenagrion puella,Coenagrion puella,-0.0048,False,False,False,False,Coenagrion ornatum,0.8413,False,False,False,False,Coenagrion puella,-0.0053,False,False,False,False,Coenagrion ornatum,0.9011,False,False,False,False
AODON172-20,Coenagrion puella,Coenagrion,known,Coenagrion puella,Coenagrion,Coenagrion puella,Coenagrion puella,-0.0092,False,False,False,False,Coenagrion puella,0.5691,False,True,False,False,Coenagrion puella,-0.0099,False,False,False,False,Coenagrion puella,0.6357,False,True,False,False
ZPLOD227-20,Coenagrion puella,Coenagrion,known,ambiguous,Coenagrion,Coenagrion ornatum;Coenagrion puella,Coenagrion puella,-0.0099,False,True,False,False,Coenagrion ornatum,0.5548,False,True,False,False,Coenagrion puella,-0.0128,True,True,True,False,Coenagrion ornatum,0.5454,True,True,True,False
AODON423-20,Coenagrion puella,Coenagrion,known,Coenagrion puella,Coenagrion,Coenagrion puella,Coenagrion puella,-0.0036,False,False,False,False,Coenagrion puella,0.7583,False,False,False,False,Coenagrion puella,-0.0036,False,False,False,False,Coenagrion puella,0.732,False,False,False,False
ZPLOD233-20,Coenagrion puella,Coenagrion,known,Coenagrion puella,Coenagrion,Coenagrion puella,Coenagrion puella,-0.0037,False,False,False,False,Coenagrion ornatum,0.8941,False,False,False,False,Coenagrion puella,-0.0053,False,False,False,False,Coenagrion ornatum,0.8806,False,False,False,False
GBMIN88593-17,Coenagrion puella,Coenagrion,known,Coenagrion puella,Coenagrion,Coenagrion puella,Coenagrion puella,-0.0047,False,False,False,False,Coenagrion puella,0.8985,False,False,False,False,Coenagrion puella,-0.0057,False,False,False,False,Coenagrion puella,0.9606,False,False,False,False
AODON004-20,Coenagrion pulchellum,Coenagrion,unknown,ambiguous,Coenagrion,Coenagrion ornatum;Coenagrion puella,Coenagrion puella,-0.0133,True,True,True,False,Coenagrion puella,0.2324,True,True,True,True,Coenagrion puella,-0.0148,True,True,True,False,Coenagrion ornatum,0.4793,True,True,True,False
AODON938-22,Coenagrion pulchellum,Coenagrion,unknown,ambiguous,Coenagrion,Coenagrion ornatum;Coenagrion puella,Coenagrion puella,-0.0129,True,True,True,False,Coenagrion puella,0.2964,True,True,True,True,Coenagrion puella,-0.0147,True,True,True,False,Coenagrion puella,0.5149,True,True,True,False
AODON856-22,Coenagrion pulchellum,Coenagrion,unknown,ambiguous,Coenagrion,Coenagrion ornatum;Coenagrion puella,Coenagrion puella,-0.0015,False,False,False,False,Coenagrion ornatum,0.8954,False,False,False,False,Coenagrion puella,-0.0015,False,False,False,False,Coenagrion ornatum,0.9008,False,False,False,False
DTNHM8462-23,Coenagrion pulchellum,Coenagrion,unknown,ambiguous,Coenagrion,Coenagrion ornatum;Coenagrion puella,Coenagrion puella,-0.0043,False,False,False,False,Coenagrion ornatum,0.4393,True,True,True,False,Coenagrion puella,-0.0053,False,False,False,False,Coenagrion ornatum,0.6227,False,True,False,False
AODON009-20,Coenagrion pulchellum,Coenagrion,unknown,Coenagrion puella,Coenagrion,Coenagrion puella,Coenagrion puella,-0.0,False,False,False,False,Coenagrion ornatum,0.6881,False,False,False,False,Coenagrion puella,-0.0,False,False,False,False,Coenagrion ornatum,0.7047,False,False,False,False
AODON499-20,Coenagrion pulchellum,Coenagrion,unknown,Coenagrion puella,Coenagrion,Coenagrion puella,Coenagrion puella,-0.0,False,False,False,False,Coenagrion puella,0.8572,False,False,False,False,Coenagrion puella,-0.0,False,False,False,False,Coenagrion puella,0.8581,False,False,False,False
KURS023-21,Coenagrion pulchellum,Coenagrion,unknown,ambiguous,Coenagrion,Coenagrion ornatum;Coenagrion puella,Coenagrion puella,-0.0142,True,True,True,False,Coenagrion puella,0.5272,False,True,False,False,Coenagrion puella,-0.0153,True,True,True,False,Coenagrion puella,0.6679,False,True,False,False
AODON390-20,Coenagrion pulchellum,Coenagrion,unknown,Coenagrion puella,Coenagrion,Coenagrion puella,Coenagrion puella,-0.0039,False,False,False,False,Coenagrion puella,0.8822,False,False,False,False,Coenagrion puella,-0.0039,False,False,False,False,Coenagrion puella,0.978,False,False,False,False
ODOBP3586-16,Coenagrion pulchellum,Coenagrion,unknown,ambiguous,Coenagrion,Coenagrion ornatum;Coenagrion puella,Coenagrion puella,-0.0048,False,False,False,False,Coenagrion ornatum,0.821,False,False,False,False,Coenagrion puella,-0.0053,False,False,False,False,Coenagrion ornatum,0.8881,False,False,False,False
AODON883-22,Coenagrion pulchellum,Coenagrion,unknown,ambiguous,Coenagrion,Coenagrion ornatum;Coenagrion puella,Coenagrion puella,-0.0046,False,False,False,False,Coenagrion ornatum,0.8924,False,False,False,False,Coenagrion puella,-0.0055,False,False,False,False,Coenagrion ornatum,0.9153,False,False,False,False
AODON381-20,Coenagrion pulchellum,Coenagrion,unknown,ambiguous,Coenagrion,Coenagrion ornatum;Coenagrion puella,Coenagrion puella,-0.0136,True,True,True,False,Coenagrion puella,0.2744,True,True,True,True,Coenagrion puella,-0.0149,True,True,True,False,Coenagrion puella,0.5357,True,True,True,False
AODON365-20,Coenagrion pulchellum,Coenagrion,unknown,ambiguous,Coenagrion,Coenagrion ornatum;Coenagrion puella,Coenagrion puella,-0.0132,True,True,True,False,Coenagrion puella,0.296,True,True,True,True,Coenagrion puella,-0.0147,True,True,True,False,Coenagrion ornatum,0.4673,True,True,True,False
AODON186-20,Coenagrion pulchellum,Coenagrion,unknown,ambiguous,Coenagrion,Coenagrion ornatum;Coenagrion puella,Coenagrion puella,-0.0151,True,True,True,False,Coenagrion puella,0.18,True,True,True,True,Coenagrion puella,-0.0175,True,True,True,False,Coenagrion ornatum,0.4201,True,True,True,True
ODTRI009-14,Coenagrion pulchellum,Coenagrion,unknown,ambiguous,Coenagrion,Coenagrion ornatum;Coenagrion puella,Coenagrion puella,-0.0108,False,True,False,False,Coenagrion ornatum,0.4849,True,True,True,False,Coenagrion puella,-0.013,True,True,True,False,Coenagrion ornatum,0.5401,True,True,True,False
AODON924-22,Coenagrion pulchellum,Coenagrion,unknown,Coenagrion puella,Coenagrion,Coenagrion puella,Coenagrion puella,-0.0036,False,False,False,False,Coenagrion puella,0.7583,False,False,False,False,Coenagrion puella,-0.0036,False,False,False,False,Coenagrion puella,0.732,False,False,False,False
BGEPL3245-25,Coenagrion pulchellum,Coenagrion,unknown,Coenagrion puella,Coenagrion,Coenagrion puella,Coenagrion puella,-0.0048,False,False,False,False,Coenagrion ornatum,0.7093,False,False,False,False,Coenagrion puella,-0.0053,False,False,False,False,Coenagrion ornatum,0.6412,False,True,False,False
LEFIJ7807-18,Coenagrion pulchellum,Coenagrion,unknown,ambiguous,Coenagrion,Coenagrion ornatum;Coenagrion puella,Coenagrion puella,-0.0076,False,False,False,False,Coenagrion puella,0.7624,False,False,False,False,Coenagrion puella,-0.0086,False,False,False,False,Coenagrion puella,0.8437,False,False,False,False
ZPLOD252-20,Coenagrion pulchellum,Coenagrion,unknown,ambiguous,Coenagrion,Coenagrion ornatum;Coenagrion puella,Coenagrion puella,-0.0092,False,False,False,False,Coenagrion ornatum,0.5259,False,True,False,False,Coenagrion puella,-0.0106,False,False,False,False,Coenagrion ornatum,0.6969,False,False,False,False
ODOBP3585-16,Coenagrion pulchellum,Coenagrion,unknown,Coenagrion puella,Coenagrion,Coenagrion puella,Coenagrion puella,-0.0043,False,False,False,False,Coenagrion ornatum,0.6321,False,False,False,False,Coenagrion puella,-0.0053,False,False,False,False,Coenagrion ornatum,0.6798,False,True,False,False
AODON005-20,Coenagrion pulchellum,Coenagrion,unknown,ambiguous,Coenagrion,Coenagrion ornatum;Coenagrion puella,Coenagrion puella,-0.0137,True,True,True,False,Coenagrion puella,0.2484,True,True,True,True,Coenagrion puella,-0.0153,True,True,True,False,Coenagrion ornatum,0.4843,True,True,True,False
AODON399-20,Coenagrion pulchellum,Coenagrion,unknown,ambiguous,Coenagrion,Coenagrion ornatum;Coenagrion puella,Coenagrion puella,-0.0151,True,True,True,False,Coenagrion puella,0.3875,True,True,True,False,Coenagrion puella,-0.0176,True,True,True,True,Coenagrion puella,0.6454,False,True,False,False
LEFIJ15498-21,Coenagrion pulchellum,Coenagrion,unknown,Coenagrion ornatum,Coenagrion,Coenagrion ornatum,Coenagrion puella,-0.0053,False,False,False,False,Coenagrion puella,0.648,False,False,False,False,Coenagrion puella,-0.0061,False,False,False,False,Coenagrion puella,0.7,False,False,False,False
AODON398-20,Coenagrion pulchellum,Coenagrion,unknown,ambiguous,Coenagrion,Coenagrion ornatum;Coenagrion puella,Coenagrion puella,-0.0133,True,True,True,False,Coenagrion puella,0.2544,True,True,True,True,Coenagrion puella,-0.015,True,True,True,False,Coenagrion ornatum,0.4873,True,True,True,False
AODON364-20,Coenagrion pulchellum,Coenagrion,unknown,ambiguous,Coenagrion,Coenagrion ornatum;Coenagrion puella,Coenagrion puella,-0.0112,True,True,True,False,Coenagrion puella,0.3484,True,True,True,True,Coenagrion puella,-0.0125,True,True,True,False,Coenagrion puella,0.5937,True,True,True,False
PLSW019-20,Coenagrion pulchellum,Coenagrion,unknown,ambiguous,Coenagrion,Coenagrion ornatum;Coenagrion puella,Coenagrion puella,-0.0122,True,True,True,False,Coenagrion ornatum,0.2616,True,True,True,True,Coenagrion puella,-0.0139,True,True,True,False,Coenagrion ornatum,0.5055,True,True,True,False
ZPLOD256-20,Coenagrion pulchellum,Coenagrion,unknown,ambiguous,Coenagrion,Coenagrion ornatum;Coenagrion puella,Coenagrion puella,-0.0048,False,False,False,False,Coenagrion ornatum,0.61,False,False,False,False,Coenagrion puella,-0.0053,False,False,False,False,Coenagrion ornatum,0.672,False,True,False,False
AODON036-20,Coenagrion pulchellum,Coenagrion,unknown,ambiguous,Coenagrion,Coenagrion ornatum;Coenagrion puella,Coenagrion puella,-0.0122,True,True,True,False,Coenagrion puella,0.2564,True,True,True,True,Coenagrion puella,-0.0139,True,True,True,False,Coenagrion ornatum,0.5013,True,True,True,False
ODTRI008-14,Coenagrion pulchellum,Coenagrion,unknown,ambiguous,Coenagrion,Coenagrion ornatum;Coenagrion puella,Coenagrion puella,-0.0136,True,True,True,False,Coenagrion puella,0.6119,False,False,False,False,Coenagrion puella,-0.0156,True,True,True,False,Coenagrion puella,0.6499,False,True,False,False
GBODO188-18,Coenagrion pulchellum,Coenagrion,unknown,ambiguous,Coenagrion,Coenagrion ornatum;Coenagrion puella,Coenagrion puella,-0.0053,False,False,False,False,Coenagrion puella,0.898,False,False,False,False,Coenagrion puella,-0.0051,False,False,False,False,Coenagrion puella,0.9497,False,False,False,False
LEFIJ5908-17,Coenagrion pulchellum,Coenagrion,unknown,ambiguous,Coenagrion,Coenagrion ornatum;Coenagrion puella,Coenagrion puella,-0.0089,False,False,False,False,Coenagrion puella,0.8277,False,False,False,False,Coenagrion puella,-0.0099,False,False,False,False,Coenagrion puella,0.9309,False,False,False,False
ZPLOD262-20,Coenagrion pulchellum,Coenagrion,unknown,ambiguous,Coenagrion,Coenagrion ornatum;Coenagrion puella,Coenagrion puella,-0.0065,False,False,False,False,Coenagrion ornatum,0.5744,False,True,False,False,Coenagrion puella,-0.0068,False,False,False,False,Coenagrion ornatum,0.6645,False,True,False,False
GBODO157-18,Coenagrion pulchellum,Coenagrion,unknown,Coenagrion puella,Coenagrion,Coenagrion puella,Coenagrion puella,-0.0037,False,False,False,False,Coenagrion ornatum,0.6866,False,False,False,False,Coenagrion puella,-0.0053,False,False,False,False,Coenagrion ornatum,0.6511,False,True,False,False
GBABA1023-26,Coenagrion pulchellum,Coenagrion,unknown,Coenagrion puella,Coenagrion,Coenagrion puella,Coenagrion puella,-0.0,False,False,False,False,Coenagrion ornatum,0.9105,False,False,False,False,Coenagrion ornatum,-0.0,False,False,False,False,Coenagrion ornatum,0.9065,False,False,False,False
GBEPT903-14,Coenagrion pulchellum,Coenagrion,unknown,ambiguous,Coenagrion,Coenagrion ornatum;Coenagrion puella,Coenagrion puella,-0.012,True,True,True,False,Coenagrion ornatum,0.2596,True,True,True,True,Coenagrion puella,-0.0139,True,True,True,False,Coenagrion ornatum,0.4846,True,True,True,False
AODON666-20,Coenagrion pulchellum,Coenagrion,unknown,ambiguous,Coenagrion,Coenagrion ornatum;Coenagrion puella,Coenagrion puella,-0.0138,True,True,True,False,Coenagrion puella,0.3004,True,True,True,True,Coenagrion puella,-0.016,True,True,True,False,Coenagrion puella,0.5206,True,True,True,False
TRSKA2839-20,Coenagrion scitulum,Coenagrion,known,Coenagrion scitulum,Coenagrion,Coenagrion scitulum,Coenagrion scitulum,-0.0049,False,False,False,False,Coenagrion scitulum,0.9,False,False,False,False,Coenagrion scitulum,-0.0062,False,False,False,False,Coenagrion scitulum,0.952,False,False,False,False
GBEPT907-14,Coenagrion scitulum,Coenagrion,known,Coenagrion scitulum,Coenagrion,Coenagrion scitulum,Coenagrion scitulum,-0.0043,False,False,False,False,Coenagrion scitulum,0.968,False,False,False,False,Coenagrion scitulum,-0.0053,False,False,False,False,Coenagrion scitulum,0.948,False,False,False,False
TRSKA2841-20,Coenagrion scitulum,Coenagrion,known,Coenagrion scitulum,Coenagrion,Coenagrion scitulum,Coenagrion scitulum,-0.0021,False,False,False,False,Coenagrion scitulum,1.0,False,False,False,False,Coenagrion scitulum,-0.0022,False,False,False,False,Coenagrion scitulum,1.0,False,False,False,False
AODON371-20,Crocothemis erythraea,Crocothemis,known,Crocothemis erythraea,Crocothemis,Crocothemis erythraea,Crocothemis erythraea,-0.0061,False,False,False,False,Crocothemis erythraea,0.942,False,False,False,False,Crocothemis erythraea,-0.0075,False,False,False,False,Crocothemis erythraea,0.954,False,False,False,False
PLSW070-20,Crocothemis erythraea,Crocothemis,known,Crocothemis erythraea,Crocothemis,Crocothemis erythraea,Crocothemis erythraea,-0.0043,False,False,False,False,Crocothemis erythraea,0.956,False,False,False,False,Crocothemis erythraea,-0.0053,False,False,False,False,Crocothemis erythraea,0.96,False,False,False,False
FBAQU312-09,Crocothemis erythraea,Crocothemis,known,Crocothemis erythraea,Crocothemis,Crocothemis erythraea,Crocothemis erythraea,-0.0046,False,False,False,False,Crocothemis erythraea,0.918,False,False,False,False,Crocothemis erythraea,-0.0055,False,False,False,False,Crocothemis erythraea,0.956,False,False,False,False
ZPLOD331-20,Crocothemis erythraea,Crocothemis,known,Crocothemis erythraea,Crocothemis,Crocothemis erythraea,Crocothemis erythraea,-0.0015,False,False,False,False,Crocothemis erythraea,0.992,False,False,False,False,Crocothemis erythraea,-0.0015,False,False,False,False,Crocothemis erythraea,0.984,False,False,False,False
GBAAW80744-24,Crocothemis erythraea,Crocothemis,known,Crocothemis erythraea,Crocothemis,Crocothemis erythraea,Crocothemis erythraea,-0.0103,False,True,False,False,Crocothemis erythraea,0.856,False,False,False,False,Crocothemis erythraea,-0.0116,False,True,False,False,Crocothemis erythraea,0.918,False,False,False,False
AODON168-20,Crocothemis erythraea,Crocothemis,known,Crocothemis erythraea,Crocothemis,Crocothemis erythraea,Crocothemis erythraea,-0.0082,False,False,False,False,Crocothemis erythraea,0.734,False,False,False,False,Crocothemis erythraea,-0.0101,False,False,False,False,Crocothemis erythraea,0.86,False,False,False,False
PLSW069-20,Crocothemis erythraea,Crocothemis,known,Crocothemis erythraea,Crocothemis,Crocothemis erythraea,Crocothemis erythraea,-0.0046,False,False,False,False,Crocothemis erythraea,0.964,False,False,False,False,Crocothemis erythraea,-0.0055,False,False,False,False,Crocothemis erythraea,0.938,False,False,False,False
TRSKA2100-20,Crocothemis erythraea,Crocothemis,known,Crocothemis erythraea,Crocothemis,Crocothemis erythraea,Crocothemis erythraea,-0.0026,False,False,False,False,Crocothemis erythraea,0.966,False,False,False,False,Crocothemis erythraea,-0.0026,False,False,False,False,Crocothemis erythraea,0.982,False,False,False,False
BGEPL1745-25,Enallagma cyathigerum,Enallagma,known,Enallagma cyathigerum,Enallagma,Enallagma cyathigerum,Enallagma cyathigerum,-0.0043,False,False,False,False,Enallagma cyathigerum,0.942,False,False,False,False,Enallagma cyathigerum,-0.0053,False,False,False,False,Enallagma cyathigerum,0.946,False,False,False,False
FBAQU532-10,Enallagma cyathigerum,Enallagma,known,Enallagma cyathigerum,Enallagma,Enallagma cyathigerum,Enallagma cyathigerum,-0.0015,False,False,False,False,Enallagma cyathigerum,0.92,False,False,False,False,Enallagma cyathigerum,-0.0034,False,False,False,False,Enallagma cyathigerum,0.956,False,False,False,False
HMYZ240-23,Enallagma cyathigerum,Enallagma,known,Enallagma cyathigerum,Enallagma,Enallagma cyathigerum,Enallagma cyathigerum,-0.0074,False,False,False,False,Enallagma cyathigerum,0.848,False,False,False,False,Enallagma cyathigerum,-0.0073,False,False,False,False,Enallagma cyathigerum,0.928,False,False,False,False
AODON110-20,Enallagma cyathigerum,Enallagma,known,Enallagma cyathigerum,Enallagma,Enallagma cyathigerum,Enallagma cyathigerum,-0.0021,False,False,False,False,Enallagma cyathigerum,0.99,False,False,False,False,Enallagma cyathigerum,-0.0022,False,False,False,False,Enallagma cyathigerum,0.998,False,False,False,False
GBODO024-18,Enallagma cyathigerum,Enallagma,known,Enallagma cyathigerum,Enallagma,Enallagma cyathigerum,Enallagma cyathigerum,-0.003,False,False,False,False,Enallagma cyathigerum,0.986,False,False,False,False,Enallagma cyathigerum,-0.0038,False,False,False,False,Enallagma cyathigerum,0.996,False,False,False,False
DTNHM5531-23,Enallagma cyathigerum,Enallagma,known,Enallagma cyathigerum,Enallagma,Enallagma cyathigerum,Enallagma cyathigerum,-0.0031,False,False,False,False,Enallagma cyathigerum,0.968,False,False,False,False,Enallagma cyathigerum,-0.0038,False,False,False,False,Enallagma cyathigerum,0.994,False,False,False,False
ODOPL126-19,Enallagma cyathigerum,Enallagma,known,Enallagma cyathigerum,Enallagma,Enallagma cyathigerum,Enallagma cyathigerum,-0.0039,False,False,False,False,Enallagma cyathigerum,0.828,False,False,False,False,Enallagma cyathigerum,-0.0039,False,False,False,False,Enallagma cyathigerum,0.912,False,False,False,False
AODON945-22,Enallagma cyathigerum,Enallagma,known,Enallagma cyathigerum,Enallagma,Enallagma cyathigerum,Enallagma cyathigerum,-0.0081,False,False,False,False,Enallagma cyathigerum,0.912,False,False,False,False,Enallagma cyathigerum,-0.0074,False,False,False,False,Enallagma cyathigerum,0.95,False,False,False,False
LEFIJ15504-21,Enallagma cyathigerum,Enallagma,known,Enallagma cyathigerum,Enallagma,Enallagma cyathigerum,Enallagma cyathigerum,-0.0021,False,False,False,False,Enallagma cyathigerum,0.98,False,False,False,False,Enallagma cyathigerum,-0.0022,False,False,False,False,Enallagma cyathigerum,0.98,False,False,False,False
BGEPL3226-25,Enallagma cyathigerum,Enallagma,known,Enallagma cyathigerum,Enallagma,Enallagma cyathigerum,Enallagma cyathigerum,-0.0057,False,False,False,False,Enallagma cyathigerum,0.916,False,False,False,False,Enallagma cyathigerum,-0.0065,False,False,False,False,Enallagma cyathigerum,0.928,False,False,False,False
PLSW073-20,Enallagma cyathigerum,Enallagma,known,Enallagma cyathigerum,Enallagma,Enallagma cyathigerum,Enallagma cyathigerum,-0.0064,False,False,False,False,Enallagma cyathigerum,0.95,False,False,False,False,Enallagma cyathigerum,-0.007,False,False,False,False,Enallagma cyathigerum,0.98,False,False,False,False
AODON254-20,Enallagma cyathigerum,Enallagma,known,Enallagma cyathigerum,Enallagma,Enallagma cyathigerum,Enallagma cyathigerum,-0.0021,False,False,False,False,Enallagma cyathigerum,0.954,False,False,False,False,Enallagma cyathigerum,-0.0022,False,False,False,False,Enallagma cyathigerum,0.976,False,False,False,False
GBODO040-18,Enallagma cyathigerum,Enallagma,known,Enallagma cyathigerum,Enallagma,Enallagma cyathigerum,Enallagma cyathigerum,-0.0031,False,False,False,False,Enallagma cyathigerum,0.946,False,False,False,False,Enallagma cyathigerum,-0.0038,False,False,False,False,Enallagma cyathigerum,0.978,False,False,False,False
AODON384-20,Enallagma cyathigerum,Enallagma,known,Enallagma cyathigerum,Enallagma,Enallagma cyathigerum,Enallagma cyathigerum,-0.0055,False,False,False,False,Enallagma cyathigerum,0.93,False,False,False,False,Enallagma cyathigerum,-0.0072,False,False,False,False,Enallagma cyathigerum,0.948,False,False,False,False
AODON937-22,Enallagma cyathigerum,Enallagma,known,Enallagma cyathigerum,Enallagma,Enallagma cyathigerum,Enallagma cyathigerum,-0.0073,False,False,False,False,Enallagma cyathigerum,0.79,False,False,False,False,Enallagma cyathigerum,-0.0087,False,False,False,False,Enallagma cyathigerum,0.87,False,False,False,False
ODTRI011-14,Enallagma cyathigerum,Enallagma,known,Enallagma cyathigerum,Enallagma,Enallagma cyathigerum,Enallagma cyathigerum,-0.0056,False,False,False,False,Enallagma cyathigerum,0.786,False,False,False,False,Enallagma cyathigerum,-0.005,False,False,False,False,Enallagma cyathigerum,0.928,False,False,False,False
FBAQU491-10,Erythromma lindenii,Erythromma,unknown,ambiguous,Erythromma,Erythromma najas;Erythromma viridulum,Erythromma najas,-0.0348,True,True,True,True,Erythromma najas,0.09,True,True,True,True,Erythromma najas,-0.0424,True,True,True,True,Erythromma viridulum,0.078,True,True,True,True
TRSKA2054-20,Erythromma lindenii,Erythromma,unknown,ambiguous,Erythromma,Erythromma najas;Erythromma viridulum,Erythromma najas,-0.0378,True,True,True,True,Pyrrhosoma nymphula,0.114,True,True,True,True,Erythromma najas,-0.043,True,True,True,True,Coenagrion johanssoni,0.088,True,True,True,True
AODON926-22,Erythromma lindenii,Erythromma,unknown,ambiguous,Erythromma,Erythromma najas;Erythromma viridulum,Erythromma najas,-0.0334,True,True,True,True,Erythromma najas,0.11,True,True,True,True,Erythromma najas,-0.0415,True,True,True,True,Erythromma najas,0.076,True,True,True,True
GBMND63119-21,Erythromma lindenii,Erythromma,unknown,ambiguous,Erythromma,Erythromma najas;Erythromma viridulum,Erythromma najas,-0.0341,True,True,True,True,Erythromma najas,0.114,True,True,True,True,Erythromma najas,-0.0418,True,True,True,True,Erythromma najas,0.076,True,True,True,True
ODOBP3573-16,Erythromma lindenii,Erythromma,unknown,ambiguous,Erythromma,Erythromma najas;Erythromma viridulum,Erythromma najas,-0.0343,True,True,True,True,Erythromma najas,0.104,True,True,True,True,Erythromma najas,-0.0415,True,True,True,True,Erythromma najas,0.074,True,True,True,True
AODON441-20,Erythromma lindenii,Erythromma,unknown,ambiguous,Erythromma,Erythromma najas;Erythromma viridulum,Erythromma najas,-0.034,True,True,True,True,Erythromma najas,0.114,True,True,True,True,Erythromma najas,-0.0417,True,True,True,True,Erythromma najas,0.074,True,True,True,True
TRSKA2770-20,Erythromma lindenii,Erythromma,unknown,ambiguous,Erythromma,Erythromma najas;Erythromma viridulum,Erythromma najas,-0.0388,True,True,True,True,Pyrrhosoma nymphula,0.108,True,True,True,True,Erythromma najas,-0.0424,True,True,True,True,Coenagrion johanssoni,0.088,True,True,True,True
ODOBP3575-16,Erythromma lindenii,Erythromma,unknown,ambiguous,Erythromma,Erythromma najas;Erythromma viridulum,Erythromma najas,-0.0341,True,True,True,True,Erythromma najas,0.106,True,True,True,True,Erythromma najas,-0.0412,True,True,True,True,Erythromma najas,0.072,True,True,True,True
ZPLOD367-20,Erythromma lindenii,Erythromma,unknown,ambiguous,Erythromma,Erythromma najas;Erythromma viridulum,Erythromma najas,-0.0377,True,True,True,True,Pyrrhosoma nymphula,0.09,True,True,True,True,Erythromma najas,-0.0433,True,True,True,True,Coenagrion johanssoni,0.088,True,True,True,True
TRSKA2810-20,Erythromma lindenii,Erythromma,unknown,ambiguous,Erythromma,Erythromma najas;Erythromma viridulum,Erythromma najas,-0.0384,True,True,True,True,Pyrrhosoma nymphula,0.128,True,True,True,True,Erythromma najas,-0.0435,True,True,True,True,Coenagrion johanssoni,0.084,True,True,True,True
ZPLOD823-20,Erythromma lindenii,Erythromma,unknown,ambiguous,Erythromma,Erythromma najas;Erythromma viridulum,Erythromma najas,-0.038,True,True,True,True,Pyrrhosoma nymphula,0.122,True,True,True,True,Erythromma najas,-0.0434,True,True,True,True,Coenagrion johanssoni,0.084,True,True,True,True
ZPLOD394-20,Erythromma lindenii,Erythromma,unknown,ambiguous,Erythromma,Erythromma najas;Erythromma viridulum,Erythromma najas,-0.0351,True,True,True,True,Ceriagrion tenellum,0.09,True,True,True,True,Erythromma najas,-0.0419,True,True,True,True,Erythromma najas,0.076,True,True,True,True
ZPLOD358-20,Erythromma lindenii,Erythromma,unknown,ambiguous,Erythromma,Erythromma najas;Erythromma viridulum,Erythromma najas,-0.0332,True,True,True,True,Ceriagrion tenellum,0.11,True,True,True,True,Erythromma najas,-0.0416,True,True,True,True,Erythromma najas,0.08,True,True,True,True
TRSKA2777-20,Erythromma lindenii,Erythromma,unknown,ambiguous,Erythromma,Erythromma najas;Erythromma viridulum,Erythromma najas,-0.0391,True,True,True,True,Pyrrhosoma nymphula,0.108,True,True,True,True,Erythromma najas,-0.0422,True,True,True,True,Coenagrion johanssoni,0.088,True,True,True,True
TRSKA2727-20,Erythromma lindenii,Erythromma,unknown,ambiguous,Erythromma,Erythromma najas;Erythromma viridulum,Erythromma najas,-0.0386,True,True,True,True,Pyrrhosoma nymphula,0.106,True,True,True,True,Erythromma najas,-0.0422,True,True,True,True,Coenagrion johanssoni,0.088,True,True,True,True
TRSKA2008-20,Erythromma lindenii,Erythromma,unknown,ambiguous,Erythromma,Erythromma najas;Erythromma viridulum,Erythromma najas,-0.0385,True,True,True,True,Pyrrhosoma nymphula,0.128,True,True,True,True,Erythromma najas,-0.0436,True,True,True,True,Coenagrion johanssoni,0.084,True,True,True,True
ZPLOD392-20,Erythromma lindenii,Erythromma,unknown,ambiguous,Erythromma,Erythromma najas;Erythromma viridulum,Erythromma najas,-0.0341,True,True,True,True,Erythromma najas,0.104,True,True,True,True,Erythromma najas,-0.0419,True,True,True,True,Erythromma najas,0.074,True,True,True,True
AODON773-20,Erythromma lindenii,Erythromma,unknown,ambiguous,Erythromma,Erythromma najas;Erythromma viridulum,Erythromma najas,-0.0347,True,True,True,True,Ceriagrion tenellum,0.106,True,True,True,True,Erythromma najas,-0.0412,True,True,True,True,Erythromma najas,0.078,True,True,True,True
TRSKA2006-20,Erythromma lindenii,Erythromma,unknown,ambiguous,Erythromma,Erythromma najas;Erythromma viridulum,Erythromma najas,-0.0384,True,True,True,True,Pyrrhosoma nymphula,0.112,True,True,True,True,Erythromma najas,-0.0436,True,True,True,True,Coenagrion johanssoni,0.086,True,True,True,True
ZPLOD380-20,Erythromma lindenii,Erythromma,unknown,ambiguous,Erythromma,Erythromma najas;Erythromma viridulum,Erythromma najas,-0.0379,True,True,True,True,Pyrrhosoma nymphula,0.106,True,True,True,True,Erythromma najas,-0.0434,True,True,True,True,Coenagrion johanssoni,0.086,True,True,True,True
TRSKA2757-20,Erythromma lindenii,Erythromma,unknown,ambiguous,Erythromma,Erythromma najas;Erythromma viridulum,Erythromma najas,-0.0385,True,True,True,True,Pyrrhosoma nymphula,0.112,True,True,True,True,Erythromma najas,-0.0435,True,True,True,True,Coenagrion johanssoni,0.086,True,True,True,True
AODON730-20,Erythromma lindenii,Erythromma,unknown,ambiguous,Erythromma,Erythromma najas;Erythromma viridulum,Erythromma najas,-0.0339,True,True,True,True,Erythromma najas,0.112,True,True,True,True,Erythromma najas,-0.0418,True,True,True,True,Erythromma najas,0.074,True,True,True,True
TRSKA2778-20,Erythromma lindenii,Erythromma,unknown,ambiguous,Erythromma,Erythromma najas;Erythromma viridulum,Erythromma najas,-0.0389,True,True,True,True,Pyrrhosoma nymphula,0.106,True,True,True,True,Erythromma najas,-0.0422,True,True,True,True,Coenagrion johanssoni,0.088,True,True,True,True
ZPLOD385-20,Erythromma lindenii,Erythromma,unknown,ambiguous,Erythromma,Erythromma najas;Erythromma viridulum,Erythromma najas,-0.0368,True,True,True,True,Pyrrhosoma nymphula,0.106,True,True,True,True,Erythromma najas,-0.0434,True,True,True,True,Coenagrion johanssoni,0.086,True,True,True,True
TRSKA2010-20,Erythromma lindenii,Erythromma,unknown,ambiguous,Erythromma,Erythromma najas;Erythromma viridulum,Erythromma najas,-0.0379,True,True,True,True,Pyrrhosoma nymphula,0.112,True,True,True,True,Erythromma najas,-0.043,True,True,True,True,Coenagrion johanssoni,0.088,True,True,True,True
GBMHO3409-19,Erythromma lindenii,Erythromma,unknown,ambiguous,Erythromma,Erythromma najas;Erythromma viridulum,Erythromma najas,-0.0357,True,True,True,True,Erythromma najas,0.122,True,True,True,True,Erythromma najas,-0.0429,True,True,True,True,Erythromma najas,0.074,True,True,True,True
TRSKA2661-20,Erythromma lindenii,Erythromma,unknown,ambiguous,Erythromma,Erythromma najas;Erythromma viridulum,Erythromma najas,-0.0381,True,True,True,True,Erythromma viridulum,0.096,True,True,True,True,Erythromma najas,-0.0436,True,True,True,True,Coenagrion johanssoni,0.086,True,True,True,True
TRSKA2664-20,Erythromma lindenii,Erythromma,unknown,ambiguous,Erythromma,Erythromma najas;Erythromma viridulum,Erythromma najas,-0.0377,True,True,True,True,Pyrrhosoma nymphula,0.096,True,True,True,True,Erythromma najas,-0.0433,True,True,True,True,Coenagrion johanssoni,0.084,True,True,True,True
ZPLOD378-20,Erythromma lindenii,Erythromma,unknown,ambiguous,Erythromma,Erythromma najas;Erythromma viridulum,Erythromma najas,-0.0343,True,True,True,True,Erythromma najas,0.106,True,True,True,True,Erythromma najas,-0.0417,True,True,True,True,Erythromma najas,0.072,True,True,True,True
ODOBP5490-16,Erythromma lindenii,Erythromma,unknown,ambiguous,Erythromma,Erythromma najas;Erythromma viridulum,Erythromma najas,-0.0345,True,True,True,True,Erythromma najas,0.1,True,True,True,True,Erythromma najas,-0.0421,True,True,True,True,Erythromma najas,0.074,True,True,True,True
ZPLOD366-20,Erythromma lindenii,Erythromma,unknown,ambiguous,Erythromma,Erythromma najas;Erythromma viridulum,Erythromma najas,-0.0374,True,True,True,True,Pyrrhosoma nymphula,0.106,True,True,True,True,Erythromma najas,-0.0429,True,True,True,True,Coenagrion johanssoni,0.088,True,True,True,True
TRSKA2051-20,Erythromma lindenii,Erythromma,unknown,ambiguous,Erythromma,Erythromma najas;Erythromma viridulum,Erythromma najas,-0.0382,True,True,True,True,Pyrrhosoma nymphula,0.13,True,True,True,True,Erythromma najas,-0.0433,True,True,True,True,Erythromma najas,0.082,True,True,True,True
ZPLOD365-20,Erythromma lindenii,Erythromma,unknown,ambiguous,Erythromma,Erythromma najas;Erythromma viridulum,Erythromma najas,-0.0377,True,True,True,True,Pyrrhosoma nymphula,0.102,True,True,True,True,Erythromma najas,-0.0431,True,True,True,True,Coenagrion johanssoni,0.088,True,True,True,True
TRSKA2725-20,Erythromma lindenii,Erythromma,unknown,ambiguous,Erythromma,Erythromma najas;Erythromma viridulum,Erythromma najas,-0.0391,True,True,True,True,Pyrrhosoma nymphula,0.108,True,True,True,True,Erythromma najas,-0.0424,True,True,True,True,Coenagrion johanssoni,0.088,True,True,True,True
TRSKA2724-20,Erythromma lindenii,Erythromma,unknown,ambiguous,Erythromma,Erythromma najas;Erythromma viridulum,Erythromma najas,-0.0382,True,True,True,True,Erythromma viridulum,0.096,True,True,True,True,Erythromma najas,-0.0435,True,True,True,True,Coenagrion johanssoni,0.086,True,True,True,True
TRSKA2728-20,Erythromma lindenii,Erythromma,unknown,ambiguous,Erythromma,Erythromma najas;Erythromma viridulum,Erythromma najas,-0.0382,True,True,True,True,Pyrrhosoma nymphula,0.112,True,True,True,True,Erythromma najas,-0.0431,True,True,True,True,Coenagrion johanssoni,0.088,True,True,True,True
GBAAW63064-24,Erythromma lindenii,Erythromma,unknown,ambiguous,Erythromma,Erythromma najas;Erythromma viridulum,Erythromma najas,-0.0363,True,True,True,True,Erythromma najas,0.124,True,True,True,True,Erythromma najas,-0.0434,True,True,True,True,Erythromma najas,0.072,True,True,True,True
ZPLOD399-20,Erythromma lindenii,Erythromma,unknown,ambiguous,Erythromma,Erythromma najas;Erythromma viridulum,Erythromma najas,-0.0343,True,True,True,True,Erythromma najas,0.108,True,True,True,True,Erythromma najas,-0.0418,True,True,True,True,Erythromma najas,0.074,True,True,True,True
TRSKA2053-20,Erythromma lindenii,Erythromma,unknown,ambiguous,Erythromma,Erythromma najas;Erythromma viridulum,Erythromma najas,-0.0383,True,True,True,True,Pyrrhosoma nymphula,0.112,True,True,True,True,Erythromma najas,-0.0435,True,True,True,True,Coenagrion johanssoni,0.086,True,True,True,True
TRSKA2050-20,Erythromma lindenii,Erythromma,unknown,ambiguous,Erythromma,Erythromma najas;Erythromma viridulum,Erythromma najas,-0.039,True,True,True,True,Pyrrhosoma nymphula,0.108,True,True,True,True,Erythromma najas,-0.0423,True,True,True,True,Coenagrion johanssoni,0.088,True,True,True,True
ZPLOD379-20,Erythromma lindenii,Erythromma,unknown,ambiguous,Erythromma,Erythromma najas;Erythromma viridulum,Erythromma najas,-0.0341,True,True,True,True,Erythromma najas,0.104,True,True,True,True,Erythromma najas,-0.0415,True,True,True,True,Erythromma najas,0.074,True,True,True,True
ZPLOD387-20,Erythromma lindenii,Erythromma,unknown,ambiguous,Erythromma,Erythromma najas;Erythromma viridulum,Erythromma najas,-0.0346,True,True,True,True,Ceriagrion tenellum,0.098,True,True,True,True,Erythromma najas,-0.0413,True,True,True,True,Erythromma najas,0.078,True,True,True,True
ZPLOD383-20,Erythromma lindenii,Erythromma,unknown,ambiguous,Erythromma,Erythromma najas;Erythromma viridulum,Erythromma najas,-0.0336,True,True,True,True,Erythromma najas,0.11,True,True,True,True,Erythromma najas,-0.0415,True,True,True,True,Erythromma viridulum,0.08,True,True,True,True
TRSKA2614-20,Erythromma lindenii,Erythromma,unknown,ambiguous,Erythromma,Erythromma najas;Erythromma viridulum,Erythromma najas,-0.038,True,True,True,True,Pyrrhosoma nymphula,0.108,True,True,True,True,Erythromma najas,-0.0431,True,True,True,True,Coenagrion johanssoni,0.088,True,True,True,True
LEFIJ7810-18,Erythromma najas,Erythromma,known,Erythromma najas,Erythromma,Erythromma najas,Erythromma najas,-0.0027,False,False,False,False,Erythromma najas,0.962,False,False,False,False,Erythromma najas,-0.0027,False,False,False,False,Erythromma najas,0.984,False,False,False,False
ODOBP5367-16,Erythromma najas,Erythromma,known,Erythromma najas,Erythromma,Erythromma najas,Erythromma najas,-0.0043,False,False,False,False,Erythromma najas,0.906,False,False,False,False,Erythromma najas,-0.0053,False,False,False,False,Erythromma najas,0.954,False,False,False,False
ZPLOD406-20,Erythromma najas,Erythromma,known,Erythromma najas,Erythromma,Erythromma najas,Erythromma najas,-0.0085,False,False,False,False,Erythromma najas,0.726,False,False,False,False,Erythromma najas,-0.011,False,True,False,False,Erythromma najas,0.86,False,False,False,False
SHAP981-23,Erythromma najas,Erythromma,known,Erythromma najas,Erythromma,Erythromma najas,Erythromma najas,-0.0015,False,False,False,False,Erythromma najas,0.958,False,False,False,False,Erythromma najas,-0.0015,False,False,False,False,Erythromma najas,0.982,False,False,False,False
GBMH3398-07,Erythromma najas,Erythromma,known,Erythromma najas,Erythromma,Erythromma najas,Erythromma najas,-0.0056,False,False,False,False,Erythromma najas,0.916,False,False,False,False,Erythromma najas,-0.0063,False,False,False,False,Erythromma najas,0.95,False,False,False,False
ODOPL010-18,Erythromma najas,Erythromma,known,Erythromma najas,Erythromma,Erythromma najas,Erythromma najas,-0.0049,False,False,False,False,Erythromma najas,0.976,False,False,False,False,Erythromma najas,-0.0051,False,False,False,False,Erythromma najas,0.988,False,False,False,False
GBMH3354-07,Erythromma najas,Erythromma,known,Erythromma najas,Erythromma,Erythromma najas,Erythromma najas,-0.0028,False,False,False,False,Erythromma najas,0.996,False,False,False,False,Erythromma najas,-0.0028,False,False,False,False,Erythromma najas,1.0,False,False,False,False
AODON617-20,Erythromma najas,Erythromma,known,Erythromma najas,Erythromma,Erythromma najas,Erythromma najas,-0.0137,True,True,True,False,Erythromma najas,0.636,False,False,False,False,Erythromma najas,-0.0161,True,True,True,False,Erythromma najas,0.808,False,False,False,False
GBMH3358-07,Erythromma najas,Erythromma,known,Erythromma najas,Erythromma,Erythromma najas,Erythromma najas,-0.0052,False,False,False,False,Erythromma najas,0.936,False,False,False,False,Erythromma najas,-0.0057,False,False,False,False,Erythromma najas,0.988,False,False,False,False
ODOPL031-19,Erythromma najas,Erythromma,known,Erythromma najas,Erythromma,Erythromma najas,Erythromma najas,-0.0039,False,False,False,False,Erythromma najas,0.944,False,False,False,False,Erythromma najas,-0.0032,False,False,False,False,Erythromma najas,0.982,False,False,False,False
LEFIJ15501-21,Erythromma najas,Erythromma,known,Erythromma najas,Erythromma,Erythromma najas,Erythromma najas,-0.0086,False,False,False,False,Erythromma najas,0.852,False,False,False,False,Erythromma najas,-0.0098,False,False,False,False,Erythromma najas,0.934,False,False,False,False
AODON050-20,Erythromma najas,Erythromma,known,Erythromma najas,Erythromma,Erythromma najas,Erythromma najas,-0.0042,False,False,False,False,Erythromma najas,0.94,False,False,False,False,Erythromma najas,-0.0038,False,False,False,False,Erythromma najas,0.984,False,False,False,False
AODON495-20,Erythromma najas,Erythromma,known,Erythromma najas,Erythromma,Erythromma najas,Erythromma najas,-0.0072,False,False,False,False,Erythromma najas,0.822,False,False,False,False,Erythromma najas,-0.0076,False,False,False,False,Erythromma najas,0.946,False,False,False,False
AODON113-20,Erythromma viridulum,Erythromma,known,Erythromma viridulum,Erythromma,Erythromma viridulum,Erythromma viridulum,-0.0053,False,False,False,False,Erythromma viridulum,0.978,False,False,False,False,Erythromma viridulum,-0.0061,False,False,False,False,Erythromma viridulum,0.94,False,False,False,False
AODON392-20,Erythromma viridulum,Erythromma,known,Erythromma viridulum,Erythromma,Erythromma viridulum,Erythromma viridulum,-0.0022,False,False,False,False,Erythromma viridulum,0.912,False,False,False,False,Erythromma viridulum,-0.0022,False,False,False,False,Erythromma viridulum,0.986,False,False,False,False
AODON387-20,Erythromma viridulum,Erythromma,known,Erythromma viridulum,Erythromma,Erythromma viridulum,Erythromma viridulum,-0.0057,False,False,False,False,Erythromma viridulum,0.976,False,False,False,False,Erythromma viridulum,-0.0075,False,False,False,False,Erythromma viridulum,0.968,False,False,False,False
AODON389-20,Erythromma viridulum,Erythromma,known,Erythromma viridulum,Erythromma,Erythromma viridulum,Erythromma viridulum,-0.0048,False,False,False,False,Erythromma viridulum,0.988,False,False,False,False,Erythromma viridulum,-0.0053,False,False,False,False,Erythromma viridulum,0.996,False,False,False,False
TRSKA2680-20,Erythromma viridulum,Erythromma,known,Erythromma viridulum,Erythromma,Erythromma viridulum,Erythromma viridulum,-0.0021,False,False,False,False,Erythromma viridulum,0.986,False,False,False,False,Erythromma viridulum,-0.0022,False,False,False,False,Erythromma viridulum,0.994,False,False,False,False
TRSKA2688-20,Erythromma viridulum,Erythromma,known,Erythromma viridulum,Erythromma,Erythromma viridulum,Erythromma viridulum,-0.0043,False,False,False,False,Erythromma viridulum,0.954,False,False,False,False,Erythromma viridulum,-0.0053,False,False,False,False,Erythromma viridulum,0.976,False,False,False,False
TRSKA2682-20,Erythromma viridulum,Erythromma,known,Erythromma viridulum,Erythromma,Erythromma viridulum,Erythromma viridulum,-0.0015,False,False,False,False,Erythromma viridulum,0.978,False,False,False,False,Erythromma viridulum,-0.0015,False,False,False,False,Erythromma viridulum,0.99,False,False,False,False
AODON093-20,Erythromma viridulum,Erythromma,known,Erythromma viridulum,Erythromma,Erythromma viridulum,Erythromma viridulum,-0.003,False,False,False,False,Erythromma viridulum,0.994,False,False,False,False,Erythromma viridulum,-0.0031,False,False,False,False,Erythromma viridulum,0.996,False,False,False,False
GBMNE32985-21,Erythromma viridulum,Erythromma,known,Erythromma viridulum,Erythromma,Erythromma viridulum,Erythromma viridulum,-0.0079,False,False,False,False,Erythromma viridulum,0.878,False,False,False,False,Erythromma viridulum,-0.0085,False,False,False,False,Erythromma viridulum,0.928,False,False,False,False
AODON507-20,Erythromma viridulum,Erythromma,known,Erythromma viridulum,Erythromma,Erythromma viridulum,Erythromma viridulum,-0.0082,False,False,False,False,Erythromma viridulum,0.944,False,False,False,False,Erythromma viridulum,-0.008,False,False,False,False,Erythromma viridulum,0.97,False,False,False,False
LEFIJ15505-21,Ischnura elegans,Ischnura,unknown,Ischnura genei,Ischnura,Ischnura genei,Ischnura genei,-0.003,False,False,False,False,Ischnura genei,0.868,False,False,False,False,Ischnura genei,-0.0031,False,False,False,False,Ischnura genei,0.978,False,False,False,False
ODOPL087-19,Ischnura elegans,Ischnura,unknown,ambiguous,Ischnura,Ischnura genei;Ischnura saharensis,Ischnura saharensis,-0.0058,False,False,False,False,Ischnura saharensis,0.874,False,False,False,False,Ischnura saharensis,-0.0066,False,False,False,False,Ischnura saharensis,0.992,False,False,False,False
ODOPL026-19,Ischnura elegans,Ischnura,unknown,Ischnura saharensis,Ischnura,Ischnura saharensis,Ischnura saharensis,-0.005,False,False,False,False,Ischnura saharensis,0.98,False,False,False,False,Ischnura saharensis,-0.005,False,False,False,False,Ischnura saharensis,0.994,False,False,False,False
AODON393-20,Ischnura elegans,Ischnura,unknown,Ischnura saharensis,Ischnura,Ischnura saharensis,Ischnura saharensis,-0.0086,False,False,False,False,Ischnura genei,0.62,False,False,False,False,Ischnura saharensis,-0.0093,False,False,False,False,Ischnura genei,0.924,False,False,False,False
HMYZ310-23,Ischnura elegans,Ischnura,unknown,Ischnura saharensis,Ischnura,Ischnura saharensis,Ischnura saharensis,-0.0109,False,True,False,False,Ischnura genei,0.57,False,True,False,False,Ischnura saharensis,-0.0115,False,True,False,False,Ischnura genei,0.884,False,False,False,False
GBMND4314-21,Ischnura elegans,Ischnura,unknown,ambiguous,Ischnura,Ischnura genei;Ischnura saharensis,Ischnura saharensis,-0.0111,True,True,True,False,Ischnura saharensis,0.642,False,False,False,False,Ischnura saharensis,-0.0122,True,True,True,False,Ischnura saharensis,0.884,False,False,False,False
ZPLOD431-20,Ischnura elegans,Ischnura,unknown,Ischnura saharensis,Ischnura,Ischnura saharensis,Ischnura saharensis,-0.0068,False,False,False,False,Ischnura genei,0.77,False,False,False,False,Ischnura saharensis,-0.0078,False,False,False,False,Ischnura genei,0.896,False,False,False,False
ODOPL027-19,Ischnura elegans,Ischnura,unknown,Ischnura saharensis,Ischnura,Ischnura saharensis,Ischnura saharensis,-0.0039,False,False,False,False,Ischnura saharensis,0.998,False,False,False,False,Ischnura saharensis,-0.0032,False,False,False,False,Ischnura saharensis,1.0,False,False,False,False
AODON868-22,Ischnura elegans,Ischnura,unknown,Ischnura saharensis,Ischnura,Ischnura saharensis,Ischnura saharensis,-0.0055,False,False,False,False,Ischnura genei,0.798,False,False,False,False,Ischnura saharensis,-0.0059,False,False,False,False,Ischnura genei,0.968,False,False,False,False
GBUPS197-14,Ischnura elegans,Ischnura,unknown,Ischnura saharensis,Ischnura,Ischnura saharensis,Ischnura saharensis,-0.0117,True,True,True,False,Ischnura genei,0.578,False,True,False,False,Ischnura saharensis,-0.0135,True,True,True,False,Ischnura genei,0.852,False,False,False,False
AODON798-20,Ischnura elegans,Ischnura,unknown,ambiguous,Ischnura,Ischnura genei;Ischnura saharensis,Ischnura genei,-0.0048,False,False,False,False,Ischnura genei,0.852,False,False,False,False,Ischnura genei,-0.0057,False,False,False,False,Ischnura genei,0.972,False,False,False,False
ODOPL015-18,Ischnura elegans,Ischnura,unknown,ambiguous,Ischnura,Ischnura genei;Ischnura saharensis,Ischnura saharensis,-0.0078,False,False,False,False,Ischnura saharensis,0.822,False,False,False,False,Ischnura saharensis,-0.0085,False,False,False,False,Ischnura saharensis,0.962,False,False,False,False
BGEPL1697-25,Ischnura elegans,Ischnura,unknown,Ischnura saharensis,Ischnura,Ischnura saharensis,Ischnura saharensis,-0.0068,False,False,False,False,Ischnura genei,0.744,False,False,False,False,Ischnura saharensis,-0.0078,False,False,False,False,Ischnura genei,0.862,False,False,False,False
ODOPL028-19,Ischnura elegans,Ischnura,unknown,Ischnura saharensis,Ischnura,Ischnura saharensis,Ischnura saharensis,-0.0062,False,False,False,False,Ischnura saharensis,0.96,False,False,False,False,Ischnura saharensis,-0.0057,False,False,False,False,Ischnura saharensis,0.986,False,False,False,False
AODON199-20,Ischnura elegans,Ischnura,unknown,ambiguous,Ischnura,Ischnura genei;Ischnura saharensis,Ischnura saharensis,-0.0072,False,False,False,False,Ischnura genei,0.678,False,False,False,False,Ischnura saharensis,-0.0081,False,False,False,False,Ischnura genei,0.904,False,False,False,False
LEFIJ15506-21,Ischnura elegans,Ischnura,unknown,ambiguous,Ischnura,Ischnura genei;Ischnura saharensis,Ischnura saharensis,-0.0071,False,False,False,False,Ischnura genei,0.726,False,False,False,False,Ischnura saharensis,-0.0084,False,False,False,False,Ischnura genei,0.902,False,False,False,False
ODOPL048-19,Ischnura elegans,Ischnura,unknown,Ischnura saharensis,Ischnura,Ischnura saharensis,Ischnura saharensis,-0.0053,False,False,False,False,Ischnura saharensis,0.984,False,False,False,False,Ischnura saharensis,-0.0058,False,False,False,False,Ischnura saharensis,0.984,False,False,False,False
GBUPS195-14,Ischnura elegans,Ischnura,unknown,Ischnura saharensis,Ischnura,Ischnura saharensis,Ischnura saharensis,-0.0066,False,False,False,False,Ischnura genei,0.734,False,False,False,False,Ischnura saharensis,-0.0074,False,False,False,False,Ischnura genei,0.94,False,False,False,False
GBUPS206-14,Ischnura elegans,Ischnura,unknown,Ischnura saharensis,Ischnura,Ischnura saharensis,Ischnura saharensis,-0.0125,True,True,True,False,Ischnura saharensis,0.524,True,True,True,False,Ischnura saharensis,-0.013,True,True,True,False,Ischnura saharensis,0.76,False,False,False,False
FBAQU172-09,Ischnura elegans,Ischnura,unknown,Ischnura saharensis,Ischnura,Ischnura saharensis,Ischnura saharensis,-0.0061,False,False,False,False,Ischnura genei,0.736,False,False,False,False,Ischnura saharensis,-0.0065,False,False,False,False,Ischnura genei,0.95,False,False,False,False
AODON223-20,Ischnura elegans,Ischnura,unknown,ambiguous,Ischnura,Ischnura genei;Ischnura saharensis,Ischnura saharensis,-0.0081,False,False,False,False,Ischnura genei,0.742,False,False,False,False,Ischnura saharensis,-0.0081,False,False,False,False,Ischnura genei,0.94,False,False,False,False
ODOPL089-19,Ischnura elegans,Ischnura,unknown,Ischnura saharensis,Ischnura,Ischnura saharensis,Ischnura saharensis,-0.0045,False,False,False,False,Ischnura saharensis,0.98,False,False,False,False,Ischnura saharensis,-0.0045,False,False,False,False,Ischnura saharensis,0.996,False,False,False,False
GBUPS194-14,Ischnura elegans,Ischnura,unknown,Ischnura saharensis,Ischnura,Ischnura saharensis,Ischnura saharensis,-0.009,False,False,False,False,Ischnura genei,0.688,False,False,False,False,Ischnura saharensis,-0.0096,False,False,False,False,Ischnura genei,0.94,False,False,False,False
HMYZ211-23,Ischnura elegans,Ischnura,unknown,Ischnura saharensis,Ischnura,Ischnura saharensis,Ischnura saharensis,-0.0107,False,True,False,False,Ischnura genei,0.596,False,True,False,False,Ischnura saharensis,-0.0109,False,True,False,False,Ischnura genei,0.9,False,False,False,False
GBMND4316-21,Ischnura elegans,Ischnura,unknown,ambiguous,Ischnura,Ischnura genei;Ischnura saharensis,Ischnura saharensis,-0.0093,False,False,False,False,Ischnura saharensis,0.806,False,False,False,False,Ischnura saharensis,-0.0098,False,False,False,False,Ischnura saharensis,0.938,False,False,False,False
ANBIO195-19,Ischnura elegans,Ischnura,unknown,ambiguous,Ischnura,Ischnura genei;Ischnura saharensis,Ischnura saharensis,-0.0101,False,True,False,False,Ischnura saharensis,0.544,False,True,False,False,Ischnura saharensis,-0.0103,False,False,False,False,Ischnura saharensis,0.882,False,False,False,False
DTNHM5533-23,Ischnura elegans,Ischnura,unknown,Ischnura saharensis,Ischnura,Ischnura saharensis,Ischnura saharensis,-0.0119,True,True,True,False,Ischnura saharensis,0.52,True,True,True,False,Ischnura saharensis,-0.0129,True,True,True,False,Ischnura saharensis,0.832,False,False,False,False
ODOPL061-19,Ischnura elegans,Ischnura,unknown,Ischnura saharensis,Ischnura,Ischnura saharensis,Ischnura saharensis,-0.0055,False,False,False,False,Ischnura saharensis,0.978,False,False,False,False,Ischnura saharensis,-0.0055,False,False,False,False,Ischnura saharensis,0.98,False,False,False,False
ODOPL014-18,Ischnura elegans,Ischnura,unknown,Ischnura saharensis,Ischnura,Ischnura saharensis,Ischnura saharensis,-0.0066,False,False,False,False,Ischnura saharensis,0.924,False,False,False,False,Ischnura saharensis,-0.0066,False,False,False,False,Ischnura saharensis,0.968,False,False,False,False
LEFIJ5910-17,Ischnura elegans,Ischnura,unknown,Ischnura genei,Ischnura,Ischnura genei,Ischnura genei,-0.0,False,False,False,False,Ischnura genei,0.998,False,False,False,False,Ischnura genei,-0.0,False,False,False,False,Ischnura genei,1.0,False,False,False,False
AODON017-20,Ischnura elegans,Ischnura,unknown,Ischnura saharensis,Ischnura,Ischnura saharensis,Ischnura saharensis,-0.0057,False,False,False,False,Ischnura genei,0.776,False,False,False,False,Ischnura saharensis,-0.0061,False,False,False,False,Ischnura genei,0.96,False,False,False,False
ODOBP5339-16,Ischnura elegans,Ischnura,unknown,Ischnura saharensis,Ischnura,Ischnura saharensis,Ischnura saharensis,-0.0068,False,False,False,False,Ischnura genei,0.794,False,False,False,False,Ischnura saharensis,-0.0078,False,False,False,False,Ischnura genei,0.962,False,False,False,False
ANBIO150-19,Ischnura elegans,Ischnura,unknown,Ischnura saharensis,Ischnura,Ischnura saharensis,Ischnura saharensis,-0.0071,False,False,False,False,Ischnura saharensis,0.574,False,True,False,False,Ischnura saharensis,-0.0075,False,False,False,False,Ischnura saharensis,0.816,False,False,False,False
BCAI157-26,Ischnura elegans,Ischnura,unknown,Ischnura saharensis,Ischnura,Ischnura saharensis,Ischnura saharensis,-0.0053,False,False,False,False,Ischnura genei,0.85,False,False,False,False,Ischnura saharensis,-0.0057,False,False,False,False,Ischnura genei,0.974,False,False,False,False
AODON359-20,Ischnura elegans,Ischnura,unknown,Ischnura saharensis,Ischnura,Ischnura saharensis,Ischnura saharensis,-0.0113,True,True,True,False,Ischnura genei,0.52,True,True,True,False,Ischnura saharensis,-0.0107,False,False,False,False,Ischnura genei,0.904,False,False,False,False
AODON916-22,Ischnura elegans,Ischnura,unknown,Ischnura saharensis,Ischnura,Ischnura saharensis,Ischnura saharensis,-0.0094,False,False,False,False,Ischnura genei,0.68,False,False,False,False,Ischnura saharensis,-0.0093,False,False,False,False,Ischnura genei,0.93,False,False,False,False
ODOPL059-19,Ischnura elegans,Ischnura,unknown,Ischnura saharensis,Ischnura,Ischnura saharensis,Ischnura saharensis,-0.0035,False,False,False,False,Ischnura saharensis,0.992,False,False,False,False,Ischnura saharensis,-0.0027,False,False,False,False,Ischnura saharensis,1.0,False,False,False,False
GBUPS201-14,Ischnura elegans,Ischnura,unknown,Ischnura saharensis,Ischnura,Ischnura saharensis,Ischnura saharensis,-0.0086,False,False,False,False,Ischnura saharensis,0.584,False,True,False,False,Ischnura saharensis,-0.0095,False,False,False,False,Ischnura saharensis,0.772,False,False,False,False
GBODO061-18,Ischnura elegans,Ischnura,unknown,Ischnura saharensis,Ischnura,Ischnura saharensis,Ischnura saharensis,-0.0053,False,False,False,False,Ischnura genei,0.792,False,False,False,False,Ischnura saharensis,-0.0069,False,False,False,False,Ischnura genei,0.956,False,False,False,False
FBAQU495-10,Ischnura elegans,Ischnura,unknown,Ischnura saharensis,Ischnura,Ischnura saharensis,Ischnura saharensis,-0.0132,True,True,True,False,Ischnura saharensis,0.388,True,True,True,False,Ischnura saharensis,-0.0135,True,True,True,False,Ischnura saharensis,0.746,False,False,False,False
GBUPS202-14,Ischnura elegans,Ischnura,unknown,Ischnura saharensis,Ischnura,Ischnura saharensis,Ischnura saharensis,-0.0101,False,True,False,False,Ischnura genei,0.668,False,False,False,False,Ischnura saharensis,-0.0128,True,True,True,False,Ischnura genei,0.888,False,False,False,False
ANBIO203-19,Ischnura elegans,Ischnura,unknown,Ischnura saharensis,Ischnura,Ischnura saharensis,Ischnura saharensis,-0.0076,False,False,False,False,Ischnura genei,0.684,False,False,False,False,Ischnura saharensis,-0.0079,False,False,False,False,Ischnura saharensis,0.714,False,False,False,False
FBAQU535-10,Ischnura elegans,Ischnura,unknown,Ischnura saharensis,Ischnura,Ischnura saharensis,Ischnura saharensis,-0.012,True,True,True,False,Ischnura saharensis,0.488,True,True,True,False,Ischnura saharensis,-0.0121,True,True,True,False,Ischnura saharensis,0.76,False,False,False,False
ODOPL013-18,Ischnura elegans,Ischnura,unknown,Ischnura saharensis,Ischnura,Ischnura saharensis,Ischnura saharensis,-0.0064,False,False,False,False,Ischnura saharensis,0.924,False,False,False,False,Ischnura saharensis,-0.0064,False,False,False,False,Ischnura saharensis,0.968,False,False,False,False
GBUPS193-14,Ischnura elegans,Ischnura,unknown,Ischnura saharensis,Ischnura,Ischnura saharensis,Ischnura saharensis,-0.0089,False,False,False,False,Ischnura genei,0.618,False,False,False,False,Ischnura saharensis,-0.0114,False,True,False,False,Ischnura genei,0.798,False,False,False,False
GBMIX1779-15,Ischnura elegans,Ischnura,unknown,Ischnura genei,Ischnura,Ischnura genei,Ischnura genei,-0.0043,False,False,False,False,Ischnura genei,0.972,False,False,False,False,Ischnura genei,-0.0053,False,False,False,False,Ischnura genei,0.956,False,False,False,False
ODOPL088-19,Ischnura elegans,Ischnura,unknown,Ischnura saharensis,Ischnura,Ischnura saharensis,Ischnura saharensis,-0.0045,False,False,False,False,Ischnura saharensis,0.982,False,False,False,False,Ischnura saharensis,-0.0045,False,False,False,False,Ischnura saharensis,0.996,False,False,False,False
DTNHM5532-23,Ischnura elegans,Ischnura,unknown,Ischnura saharensis,Ischnura,Ischnura saharensis,Ischnura saharensis,-0.0061,False,False,False,False,Ischnura genei,0.736,False,False,False,False,Ischnura saharensis,-0.0069,False,False,False,False,Ischnura genei,0.954,False,False,False,False
GBMHO3410-19,Ischnura elegans,Ischnura,unknown,ambiguous,Ischnura,Ischnura genei;Ischnura saharensis,Ischnura saharensis,-0.0049,False,False,False,False,Ischnura saharensis,0.842,False,False,False,False,Ischnura saharensis,-0.005,False,False,False,False,Ischnura saharensis,0.988,False,False,False,False
GBMND4311-21,Ischnura elegans,Ischnura,unknown,ambiguous,Ischnura,Ischnura genei;Ischnura saharensis,Ischnura saharensis,-0.0106,False,True,False,False,Ischnura saharensis,0.668,False,False,False,False,Ischnura saharensis,-0.0115,False,True,False,False,Ischnura saharensis,0.916,False,False,False,False
GBODO021-18,Ischnura elegans,Ischnura,unknown,Ischnura saharensis,Ischnura,Ischnura saharensis,Ischnura saharensis,-0.0061,False,False,False,False,Ischnura genei,0.742,False,False,False,False,Ischnura saharensis,-0.0069,False,False,False,False,Ischnura genei,0.956,False,False,False,False
GBUPS191-14,Ischnura elegans,Ischnura,unknown,Ischnura saharensis,Ischnura,Ischnura saharensis,Ischnura saharensis,-0.0084,False,False,False,False,Ischnura genei,0.658,False,False,False,False,Ischnura saharensis,-0.0095,False,False,False,False,Ischnura genei,0.918,False,False,False,False
GBODO063-18,Ischnura elegans,Ischnura,unknown,Ischnura saharensis,Ischnura,Ischnura saharensis,Ischnura saharensis,-0.0061,False,False,False,False,Ischnura genei,0.75,False,False,False,False,Ischnura saharensis,-0.0079,False,False,False,False,Ischnura saharensis,0.696,False,False,False,False
ODOPL049-19,Ischnura elegans,Ischnura,unknown,Ischnura saharensis,Ischnura,Ischnura saharensis,Ischnura saharensis,-0.0058,False,False,False,False,Ischnura saharensis,0.942,False,False,False,False,Ischnura saharensis,-0.0066,False,False,False,False,Ischnura saharensis,0.988,False,False,False,False
GBCAB37650-24,Ischnura elegans,Ischnura,unknown,Ischnura saharensis,Ischnura,Ischnura saharensis,Ischnura saharensis,-0.006,False,False,False,False,Ischnura genei,0.81,False,False,False,False,Ischnura saharensis,-0.0065,False,False,False,False,Ischnura genei,0.964,False,False,False,False
AODON784-20,Ischnura elegans,Ischnura,unknown,ambiguous,Ischnura,Ischnura genei;Ischnura saharensis,Ischnura saharensis,-0.0122,True,True,True,False,Ischnura genei,0.528,False,True,False,False,Ischnura saharensis,-0.0135,True,True,True,False,Ischnura genei,0.786,False,False,False,False
GBAAM36860-25,Ischnura elegans,Ischnura,unknown,Ischnura saharensis,Ischnura,Ischnura saharensis,Ischnura saharensis,-0.0052,False,False,False,False,Ischnura saharensis,0.948,False,False,False,False,Ischnura saharensis,-0.0052,False,False,False,False,Ischnura saharensis,0.988,False,False,False,False
AODON184-20,Ischnura elegans,Ischnura,unknown,Ischnura saharensis,Ischnura,Ischnura saharensis,Ischnura saharensis,-0.0068,False,False,False,False,Ischnura genei,0.762,False,False,False,False,Ischnura saharensis,-0.0081,False,False,False,False,Ischnura genei,0.934,False,False,False,False
GBODO131-18,Ischnura elegans,Ischnura,unknown,Ischnura saharensis,Ischnura,Ischnura saharensis,Ischnura saharensis,-0.0068,False,False,False,False,Ischnura genei,0.634,False,False,False,False,Ischnura saharensis,-0.0075,False,False,False,False,Ischnura genei,0.834,False,False,False,False
GBMNA38097-19,Ischnura elegans,Ischnura,unknown,Ischnura saharensis,Ischnura,Ischnura saharensis,Ischnura saharensis,-0.0093,False,False,False,False,Ischnura genei,0.692,False,False,False,False,Ischnura saharensis,-0.009,False,False,False,False,Ischnura genei,0.932,False,False,False,False
ZPLOD457-20,Ischnura genei,Ischnura,known,Ischnura genei,Ischnura,Ischnura genei,Ischnura genei,-0.0043,False,False,False,False,Ischnura genei,0.972,False,False,False,False,Ischnura genei,-0.0053,False,False,False,False,Ischnura genei,0.956,False,False,False,False
LEFIJ7824-18,Ischnura pumilio,Ischnura,known,Ischnura pumilio,Ischnura,Ischnura pumilio,Ischnura pumilio,-0.0015,False,False,False,False,Ischnura pumilio,0.992,False,False,False,False,Ischnura pumilio,-0.0015,False,False,False,False,Ischnura pumilio,0.998,False,False,False,False
LEFIJ15512-21,Ischnura pumilio,Ischnura,known,Ischnura pumilio,Ischnura,Ischnura pumilio,Ischnura pumilio,-0.0049,False,False,False,False,Ischnura pumilio,0.974,False,False,False,False,Ischnura pumilio,-0.0058,False,False,False,False,Ischnura pumilio,0.992,False,False,False,False
AODON039-20,Ischnura pumilio,Ischnura,known,Ischnura pumilio,Ischnura,Ischnura pumilio,Ischnura pumilio,-0.0021,False,False,False,False,Ischnura pumilio,0.988,False,False,False,False,Ischnura pumilio,-0.0022,False,False,False,False,Ischnura pumilio,0.998,False,False,False,False
GBMNE33017-21,Ischnura saharensis,Ischnura,known,ambiguous,Ischnura,Ischnura genei;Ischnura saharensis,Ischnura saharensis,-0.01,False,True,False,False,Ischnura saharensis,0.76,False,False,False,False,Ischnura saharensis,-0.0101,False,False,False,False,Ischnura saharensis,0.904,False,False,False,False
GBAAW69085-24,Ischnura saharensis,Ischnura,known,Ischnura saharensis,Ischnura,Ischnura saharensis,Ischnura saharensis,-0.0049,False,False,False,False,Ischnura saharensis,0.984,False,False,False,False,Ischnura saharensis,-0.0059,False,False,False,False,Ischnura saharensis,0.998,False,False,False,False
AODON682-20,Leucorrhinia caudalis,Leucorrhinia,known,Leucorrhinia caudalis,Leucorrhinia,Leucorrhinia caudalis,Leucorrhinia caudalis,-0.0046,False,False,False,False,Leucorrhinia caudalis,0.976,False,False,False,False,Leucorrhinia caudalis,-0.0055,False,False,False,False,Leucorrhinia caudalis,0.944,False,False,False,False
FBAQU500-10,Leucorrhinia dubia,Leucorrhinia,unknown,Leucorrhinia rubicunda,Leucorrhinia,Leucorrhinia rubicunda,Leucorrhinia rubicunda,-0.0201,True,True,True,True,Leucorrhinia rubicunda,0.392,True,True,True,False,Leucorrhinia rubicunda,-0.0228,True,True,True,True,Leucorrhinia rubicunda,0.536,True,True,True,False
GBODO036-18,Leucorrhinia dubia,Leucorrhinia,unknown,Leucorrhinia rubicunda,Leucorrhinia,Leucorrhinia rubicunda,Leucorrhinia rubicunda,-0.0177,True,True,True,True,Leucorrhinia rubicunda,0.376,True,True,True,True,Leucorrhinia rubicunda,-0.0228,True,True,True,True,Leucorrhinia rubicunda,0.49,True,True,True,False
GBEPT900-14,Leucorrhinia dubia,Leucorrhinia,unknown,Leucorrhinia rubicunda,Leucorrhinia,Leucorrhinia rubicunda,Leucorrhinia rubicunda,-0.0179,True,True,True,True,Leucorrhinia rubicunda,0.454,True,True,True,False,Leucorrhinia rubicunda,-0.0214,True,True,True,True,Leucorrhinia rubicunda,0.556,True,True,True,False
ODOPL099-19,Leucorrhinia dubia,Leucorrhinia,unknown,Leucorrhinia rubicunda,Leucorrhinia,Leucorrhinia rubicunda,Leucorrhinia rubicunda,-0.0196,True,True,True,True,Leucorrhinia pectoralis,0.21,True,True,True,True,Leucorrhinia rubicunda,-0.0234,True,True,True,True,Leucorrhinia rubicunda,0.514,True,True,True,False
LEFIJ7816-18,Leucorrhinia dubia,Leucorrhinia,unknown,Leucorrhinia rubicunda,Leucorrhinia,Leucorrhinia rubicunda,Leucorrhinia rubicunda,-0.019,True,True,True,True,Leucorrhinia rubicunda,0.43,True,True,True,False,Leucorrhinia rubicunda,-0.0219,True,True,True,True,Leucorrhinia rubicunda,0.544,True,True,True,False
AODON903-22,Leucorrhinia dubia,Leucorrhinia,unknown,Leucorrhinia rubicunda,Leucorrhinia,Leucorrhinia rubicunda,Leucorrhinia rubicunda,-0.0185,True,True,True,True,Leucorrhinia pectoralis,0.316,True,True,True,True,Leucorrhinia rubicunda,-0.0213,True,True,True,True,Leucorrhinia rubicunda,0.574,True,True,True,False
GBEPT901-14,Leucorrhinia dubia,Leucorrhinia,unknown,Leucorrhinia rubicunda,Leucorrhinia,Leucorrhinia rubicunda,Leucorrhinia rubicunda,-0.0186,True,True,True,True,Leucorrhinia rubicunda,0.444,True,True,True,False,Leucorrhinia rubicunda,-0.0215,True,True,True,True,Leucorrhinia rubicunda,0.572,True,True,True,False
DTNHM5775-23,Leucorrhinia dubia,Leucorrhinia,unknown,Leucorrhinia rubicunda,Leucorrhinia,Leucorrhinia rubicunda,Leucorrhinia rubicunda,-0.02,True,True,True,True,Leucorrhinia rubicunda,0.334,True,True,True,True,Leucorrhinia rubicunda,-0.0249,True,True,True,True,Leucorrhinia rubicunda,0.398,True,True,True,True
AODON147-20,Leucorrhinia dubia,Leucorrhinia,unknown,Leucorrhinia rubicunda,Leucorrhinia,Leucorrhinia rubicunda,Leucorrhinia rubicunda,-0.0176,True,True,True,True,Leucorrhinia rubicunda,0.426,True,True,True,False,Leucorrhinia rubicunda,-0.0213,True,True,True,True,Leucorrhinia rubicunda,0.568,True,True,True,False
AODON480-20,Leucorrhinia dubia,Leucorrhinia,unknown,Leucorrhinia rubicunda,Leucorrhinia,Leucorrhinia rubicunda,Leucorrhinia rubicunda,-0.019,True,True,True,True,Leucorrhinia rubicunda,0.454,True,True,True,False,Leucorrhinia rubicunda,-0.0224,True,True,True,True,Leucorrhinia rubicunda,0.546,True,True,True,False
ODOBP5352-16,Leucorrhinia dubia,Leucorrhinia,unknown,Leucorrhinia rubicunda,Leucorrhinia,Leucorrhinia rubicunda,Leucorrhinia rubicunda,-0.0179,True,True,True,True,Leucorrhinia rubicunda,0.418,True,True,True,False,Leucorrhinia rubicunda,-0.0213,True,True,True,True,Leucorrhinia rubicunda,0.566,True,True,True,False
ODOBP2877-16,Leucorrhinia dubia,Leucorrhinia,unknown,Leucorrhinia rubicunda,Leucorrhinia,Leucorrhinia rubicunda,Leucorrhinia rubicunda,-0.0171,True,True,True,True,Leucorrhinia rubicunda,0.462,True,True,True,False,Leucorrhinia rubicunda,-0.0207,True,True,True,True,Leucorrhinia rubicunda,0.578,True,True,True,False
ZPLOD515-20,Leucorrhinia dubia,Leucorrhinia,unknown,Leucorrhinia rubicunda,Leucorrhinia,Leucorrhinia rubicunda,Leucorrhinia rubicunda,-0.0164,True,True,True,True,Leucorrhinia rubicunda,0.47,True,True,True,False,Leucorrhinia rubicunda,-0.0211,True,True,True,True,Leucorrhinia rubicunda,0.558,True,True,True,False
ROMAC866-22,Leucorrhinia dubia,Leucorrhinia,unknown,Leucorrhinia rubicunda,Leucorrhinia,Leucorrhinia rubicunda,Leucorrhinia rubicunda,-0.02,True,True,True,True,Leucorrhinia rubicunda,0.324,True,True,True,True,Leucorrhinia rubicunda,-0.0239,True,True,True,True,Leucorrhinia rubicunda,0.498,True,True,True,False
ZPLOD828-20,Leucorrhinia dubia,Leucorrhinia,unknown,Leucorrhinia rubicunda,Leucorrhinia,Leucorrhinia rubicunda,Leucorrhinia rubicunda,-0.0181,True,True,True,True,Leucorrhinia rubicunda,0.424,True,True,True,False,Leucorrhinia rubicunda,-0.0212,True,True,True,True,Leucorrhinia rubicunda,0.572,True,True,True,False
AODON703-20,Leucorrhinia dubia,Leucorrhinia,unknown,Leucorrhinia rubicunda,Leucorrhinia,Leucorrhinia rubicunda,Leucorrhinia rubicunda,-0.0172,True,True,True,True,Leucorrhinia rubicunda,0.462,True,True,True,False,Leucorrhinia rubicunda,-0.0207,True,True,True,True,Leucorrhinia rubicunda,0.578,True,True,True,False
ODOBP5350-16,Leucorrhinia dubia,Leucorrhinia,unknown,Leucorrhinia rubicunda,Leucorrhinia,Leucorrhinia rubicunda,Leucorrhinia rubicunda,-0.0175,True,True,True,True,Leucorrhinia rubicunda,0.426,True,True,True,False,Leucorrhinia rubicunda,-0.0212,True,True,True,True,Leucorrhinia rubicunda,0.566,True,True,True,False
DTNHM5774-23,Leucorrhinia dubia,Leucorrhinia,unknown,Leucorrhinia rubicunda,Leucorrhinia,Leucorrhinia rubicunda,Leucorrhinia rubicunda,-0.0194,True,True,True,True,Leucorrhinia rubicunda,0.408,True,True,True,False,Leucorrhinia rubicunda,-0.0237,True,True,True,True,Leucorrhinia rubicunda,0.486,True,True,True,False
AODON693-20,Leucorrhinia dubia,Leucorrhinia,unknown,Leucorrhinia rubicunda,Leucorrhinia,Leucorrhinia rubicunda,Leucorrhinia rubicunda,-0.0171,True,True,True,True,Leucorrhinia rubicunda,0.456,True,True,True,False,Leucorrhinia rubicunda,-0.0205,True,True,True,True,Leucorrhinia rubicunda,0.582,True,True,True,False
PLSW053-20,Leucorrhinia pectoralis,Leucorrhinia,known,Leucorrhinia pectoralis,Leucorrhinia,Leucorrhinia pectoralis,Leucorrhinia pectoralis,-0.003,False,False,False,False,Leucorrhinia pectoralis,0.92,False,False,False,False,Leucorrhinia pectoralis,-0.0038,False,False,False,False,Leucorrhinia pectoralis,0.972,False,False,False,False
ODOPL024-19,Leucorrhinia pectoralis,Leucorrhinia,known,Leucorrhinia pectoralis,Leucorrhinia,Leucorrhinia pectoralis,Leucorrhinia pectoralis,-0.0108,False,True,False,False,Leucorrhinia pectoralis,0.596,False,True,False,False,Leucorrhinia pectoralis,-0.0106,False,False,False,False,Leucorrhinia pectoralis,0.786,False,False,False,False
AODON668-20,Leucorrhinia rubicunda,Leucorrhinia,known,Leucorrhinia rubicunda,Leucorrhinia,Leucorrhinia rubicunda,Leucorrhinia rubicunda,-0.0015,False,False,False,False,Leucorrhinia rubicunda,0.998,False,False,False,False,Leucorrhinia rubicunda,-0.0015,False,False,False,False,Leucorrhinia rubicunda,1.0,False,False,False,False
ANBIO098-19,Libellula depressa,Libellula,known,Libellula depressa,Libellula,Libellula depressa,Libellula depressa,-0.0125,True,True,True,False,Libellula depressa,0.746,False,False,False,False,Libellula depressa,-0.0145,True,True,True,False,Libellula depressa,0.81,False,False,False,False
LEFIJ7806-18,Libellula depressa,Libellula,known,Libellula depressa,Libellula,Libellula depressa,Libellula depressa,-0.0015,False,False,False,False,Libellula depressa,0.954,False,False,False,False,Libellula depressa,-0.0015,False,False,False,False,Libellula depressa,0.974,False,False,False,False
FBAQU502-10,Libellula depressa,Libellula,known,Libellula depressa,Libellula,Libellula depressa,Libellula depressa,-0.0015,False,False,False,False,Libellula depressa,1.0,False,False,False,False,Libellula depressa,-0.0015,False,False,False,False,Libellula depressa,1.0,False,False,False,False
PLSW148-20,Libellula depressa,Libellula,known,Libellula depressa,Libellula,Libellula depressa,Libellula depressa,-0.0051,False,False,False,False,Libellula depressa,0.934,False,False,False,False,Libellula depressa,-0.0049,False,False,False,False,Libellula depressa,0.992,False,False,False,False
AODON072-20,Libellula fulva,Libellula,unknown,Libellula depressa,Libellula,Libellula depressa,Libellula depressa,-0.0331,True,True,True,True,Libellula depressa,0.142,True,True,True,True,Libellula quadrimaculata,-0.0403,True,True,True,True,Libellula depressa,0.11,True,True,True,True
AODON515-20,Libellula fulva,Libellula,unknown,Libellula depressa,Libellula,Libellula depressa,Libellula depressa,-0.0335,True,True,True,True,Libellula depressa,0.134,True,True,True,True,Libellula quadrimaculata,-0.0405,True,True,True,True,Libellula depressa,0.114,True,True,True,True
ODOBP5363-16,Libellula fulva,Libellula,unknown,Libellula depressa,Libellula,Libellula depressa,Libellula depressa,-0.0335,True,True,True,True,Libellula depressa,0.14,True,True,True,True,Libellula quadrimaculata,-0.0402,True,True,True,True,Libellula depressa,0.09,True,True,True,True
ZPLOD543-20,Libellula fulva,Libellula,unknown,Libellula depressa,Libellula,Libellula depressa,Libellula depressa,-0.0338,True,True,True,True,Libellula depressa,0.156,True,True,True,True,Libellula quadrimaculata,-0.0399,True,True,True,True,Orthetrum cancellatum,0.092,True,True,True,True
ZPLOD536-20,Libellula fulva,Libellula,unknown,Libellula depressa,Libellula,Libellula depressa,Libellula depressa,-0.0337,True,True,True,True,Libellula depressa,0.174,True,True,True,True,Libellula quadrimaculata,-0.0398,True,True,True,True,Orthetrum cancellatum,0.092,True,True,True,True
PLSW034-20,Libellula fulva,Libellula,unknown,Libellula depressa,Libellula,Libellula depressa,Libellula depressa,-0.0338,True,True,True,True,Libellula depressa,0.134,True,True,True,True,Libellula quadrimaculata,-0.0405,True,True,True,True,Libellula depressa,0.114,True,True,True,True
UKAN813-22,Libellula fulva,Libellula,unknown,Libellula depressa,Libellula,Libellula depressa,Libellula depressa,-0.0331,True,True,True,True,Libellula depressa,0.136,True,True,True,True,Libellula quadrimaculata,-0.0406,True,True,True,True,Libellula depressa,0.118,True,True,True,True
LEFIJ5931-17,Libellula fulva,Libellula,unknown,Libellula depressa,Libellula,Libellula depressa,Libellula depressa,-0.0348,True,True,True,True,Libellula depressa,0.146,True,True,True,True,Libellula quadrimaculata,-0.0407,True,True,True,True,Libellula depressa,0.118,True,True,True,True
AODON701-20,Libellula fulva,Libellula,unknown,Libellula depressa,Libellula,Libellula depressa,Libellula depressa,-0.0335,True,True,True,True,Libellula depressa,0.124,True,True,True,True,Libellula quadrimaculata,-0.0405,True,True,True,True,Libellula depressa,0.11,True,True,True,True
ODOBP5353-16,Libellula fulva,Libellula,unknown,Libellula depressa,Libellula,Libellula depressa,Libellula depressa,-0.0335,True,True,True,True,Libellula depressa,0.148,True,True,True,True,Libellula quadrimaculata,-0.0406,True,True,True,True,Libellula depressa,0.114,True,True,True,True
ZPLOD535-20,Libellula fulva,Libellula,unknown,Libellula depressa,Libellula,Libellula depressa,Libellula depressa,-0.0339,True,True,True,True,Libellula depressa,0.15,True,True,True,True,Libellula quadrimaculata,-0.0401,True,True,True,True,Libellula depressa,0.096,True,True,True,True
PLSW033-20,Libellula fulva,Libellula,unknown,Libellula depressa,Libellula,Libellula depressa,Libellula depressa,-0.0337,True,True,True,True,Libellula depressa,0.132,True,True,True,True,Libellula quadrimaculata,-0.0405,True,True,True,True,Libellula depressa,0.114,True,True,True,True
GBEPT944-14,Libellula fulva,Libellula,unknown,Libellula depressa,Libellula,Libellula depressa,Libellula depressa,-0.0333,True,True,True,True,Libellula depressa,0.142,True,True,True,True,Libellula quadrimaculata,-0.0403,True,True,True,True,Libellula depressa,0.11,True,True,True,True
FBAQU503-10,Libellula quadrimaculata,Libellula,known,Libellula quadrimaculata,Libellula,Libellula quadrimaculata,Libellula quadrimaculata,-0.0098,False,True,False,False,Libellula quadrimaculata,0.814,False,False,False,False,Libellula quadrimaculata,-0.01,False,False,False,False,Libellula quadrimaculata,0.93,False,False,False,False
AODON248-20,Libellula quadrimaculata,Libellula,known,Libellula quadrimaculata,Libellula,Libellula quadrimaculata,Libellula quadrimaculata,-0.0046,False,False,False,False,Libellula quadrimaculata,0.976,False,False,False,False,Libellula quadrimaculata,-0.0055,False,False,False,False,Libellula quadrimaculata,0.968,False,False,False,False
AODON433-20,Libellula quadrimaculata,Libellula,known,Libellula quadrimaculata,Libellula,Libellula quadrimaculata,Libellula quadrimaculata,-0.0046,False,False,False,False,Libellula quadrimaculata,0.98,False,False,False,False,Libellula quadrimaculata,-0.0055,False,False,False,False,Libellula quadrimaculata,0.95,False,False,False,False
PLSW031-20,Libellula quadrimaculata,Libellula,known,Libellula quadrimaculata,Libellula,Libellula quadrimaculata,Libellula quadrimaculata,-0.0037,False,False,False,False,Libellula quadrimaculata,0.934,False,False,False,False,Libellula quadrimaculata,-0.0038,False,False,False,False,Libellula quadrimaculata,0.986,False,False,False,False
GBODO031-18,Libellula quadrimaculata,Libellula,known,Libellula quadrimaculata,Libellula,Libellula quadrimaculata,Libellula quadrimaculata,-0.0126,True,True,True,False,Libellula quadrimaculata,0.558,False,True,False,False,Libellula quadrimaculata,-0.014,True,True,True,False,Libellula quadrimaculata,0.848,False,False,False,False
AODON001-20,Libellula quadrimaculata,Libellula,known,Libellula quadrimaculata,Libellula,Libellula quadrimaculata,Libellula quadrimaculata,-0.0015,False,False,False,False,Libellula quadrimaculata,0.992,False,False,False,False,Libellula quadrimaculata,-0.0015,False,False,False,False,Libellula quadrimaculata,1.0,False,False,False,False
AODON555-20,Libellula quadrimaculata,Libellula,known,Libellula quadrimaculata,Libellula,Libellula quadrimaculata,Libellula quadrimaculata,-0.0055,False,False,False,False,Libellula quadrimaculata,0.966,False,False,False,False,Libellula quadrimaculata,-0.0059,False,False,False,False,Libellula quadrimaculata,0.998,False,False,False,False
AODON363-20,Libellula quadrimaculata,Libellula,known,Libellula quadrimaculata,Libellula,Libellula quadrimaculata,Libellula quadrimaculata,-0.0067,False,False,False,False,Libellula quadrimaculata,0.922,False,False,False,False,Libellula quadrimaculata,-0.0083,False,False,False,False,Libellula quadrimaculata,0.958,False,False,False,False
AODON060-20,Libellula quadrimaculata,Libellula,known,Libellula quadrimaculata,Libellula,Libellula quadrimaculata,Libellula quadrimaculata,-0.0034,False,False,False,False,Libellula quadrimaculata,0.99,False,False,False,False,Libellula quadrimaculata,-0.0051,False,False,False,False,Libellula quadrimaculata,0.936,False,False,False,False
AODON905-22,Nehalennia speciosa,Nehalennia,known,Nehalennia speciosa,Nehalennia,Nehalennia speciosa,Nehalennia speciosa,-0.0092,False,False,False,False,Nehalennia speciosa,0.808,False,False,False,False,Nehalennia speciosa,-0.0074,False,False,False,False,Nehalennia speciosa,0.944,False,False,False,False
FBAQU541-10,Nehalennia speciosa,Nehalennia,known,Nehalennia speciosa,Nehalennia,Nehalennia speciosa,Nehalennia speciosa,-0.0097,False,True,False,False,Nehalennia speciosa,0.83,False,False,False,False,Nehalennia speciosa,-0.0106,False,False,False,False,Nehalennia speciosa,0.948,False,False,False,False
ZPLOD560-20,Nehalennia speciosa,Nehalennia,known,Nehalennia speciosa,Nehalennia,Nehalennia speciosa,Nehalennia speciosa,-0.006,False,False,False,False,Nehalennia speciosa,0.842,False,False,False,False,Nehalennia speciosa,-0.0068,False,False,False,False,Nehalennia speciosa,0.92,False,False,False,False
AODON041-20,Orthetrum albistylum,Orthetrum,known,Orthetrum albistylum,Orthetrum,Orthetrum albistylum,Orthetrum albistylum,-0.0043,False,False,False,False,Orthetrum albistylum,0.944,False,False,False,False,Orthetrum albistylum,-0.0053,False,False,False,False,Orthetrum albistylum,0.94,False,False,False,False
EDF010-18,Orthetrum albistylum,Orthetrum,known,Orthetrum albistylum,Orthetrum,Orthetrum albistylum,Orthetrum albistylum,-0.0015,False,False,False,False,Orthetrum albistylum,0.99,False,False,False,False,Orthetrum albistylum,-0.0015,False,False,False,False,Orthetrum albistylum,0.996,False,False,False,False
SBAM011-22,Orthetrum brunneum,Orthetrum,known,Orthetrum brunneum,Orthetrum,Orthetrum brunneum,Orthetrum brunneum,-0.0099,False,True,False,False,Orthetrum brunneum,0.846,False,False,False,False,Orthetrum brunneum,-0.0103,False,False,False,False,Orthetrum brunneum,0.934,False,False,False,False
AODON100-20,Orthetrum brunneum,Orthetrum,known,Orthetrum brunneum,Orthetrum,Orthetrum brunneum,Orthetrum brunneum,-0.0015,False,False,False,False,Orthetrum brunneum,0.996,False,False,False,False,Orthetrum brunneum,-0.0015,False,False,False,False,Orthetrum brunneum,1.0,False,False,False,False
ZPLOD610-20,Orthetrum brunneum,Orthetrum,known,Orthetrum brunneum,Orthetrum,Orthetrum brunneum,Orthetrum brunneum,-0.0043,False,False,False,False,Orthetrum brunneum,0.972,False,False,False,False,Orthetrum brunneum,-0.0053,False,False,False,False,Orthetrum brunneum,0.952,False,False,False,False
ZPLOD600-20,Orthetrum brunneum,Orthetrum,known,Orthetrum brunneum,Orthetrum,Orthetrum brunneum,Orthetrum brunneum,-0.0043,False,False,False,False,Orthetrum brunneum,0.81,False,False,False,False,Orthetrum brunneum,-0.0053,False,False,False,False,Orthetrum brunneum,0.954,False,False,False,False
ZPLOD620-20,Orthetrum cancellatum,Orthetrum,known,Orthetrum cancellatum,Orthetrum,Orthetrum cancellatum,Orthetrum cancellatum,-0.0061,False,False,False,False,Orthetrum cancellatum,0.976,False,False,False,False,Orthetrum cancellatum,-0.0075,False,False,False,False,Orthetrum cancellatum,0.978,False,False,False,False
AODON102-20,Orthetrum cancellatum,Orthetrum,known,Orthetrum cancellatum,Orthetrum,Orthetrum cancellatum,Orthetrum cancellatum,-0.0059,False,False,False,False,Orthetrum cancellatum,0.836,False,False,False,False,Orthetrum cancellatum,-0.0073,False,False,False,False,Orthetrum cancellatum,0.928,False,False,False,False
GBAAX10184-24,Orthetrum cancellatum,Orthetrum,known,Orthetrum cancellatum,Orthetrum,Orthetrum cancellatum,Orthetrum cancellatum,-0.0043,False,False,False,False,Orthetrum cancellatum,0.978,False,False,False,False,Orthetrum cancellatum,-0.0053,False,False,False,False,Orthetrum cancellatum,0.958,False,False,False,False
AODON040-20,Orthetrum cancellatum,Orthetrum,known,Orthetrum cancellatum,Orthetrum,Orthetrum cancellatum,Orthetrum cancellatum,-0.0046,False,False,False,False,Orthetrum cancellatum,0.976,False,False,False,False,Orthetrum cancellatum,-0.0055,False,False,False,False,Orthetrum cancellatum,0.954,False,False,False,False
AODON354-20,Orthetrum cancellatum,Orthetrum,known,Orthetrum cancellatum,Orthetrum,Orthetrum cancellatum,Orthetrum cancellatum,-0.0078,False,False,False,False,Orthetrum cancellatum,0.878,False,False,False,False,Orthetrum cancellatum,-0.0077,False,False,False,False,Orthetrum cancellatum,0.944,False,False,False,False
GBAAY74652-24,Orthetrum cancellatum,Orthetrum,known,Orthetrum cancellatum,Orthetrum,Orthetrum cancellatum,Orthetrum cancellatum,-0.0043,False,False,False,False,Orthetrum cancellatum,0.994,False,False,False,False,Orthetrum cancellatum,-0.0053,False,False,False,False,Orthetrum cancellatum,1.0,False,False,False,False
GODO038-18,Orthetrum cancellatum,Orthetrum,known,Orthetrum cancellatum,Orthetrum,Orthetrum cancellatum,Orthetrum cancellatum,-0.0046,False,False,False,False,Orthetrum cancellatum,0.902,False,False,False,False,Orthetrum cancellatum,-0.0059,False,False,False,False,Orthetrum cancellatum,0.96,False,False,False,False
AODON635-20,Orthetrum cancellatum,Orthetrum,known,Orthetrum cancellatum,Orthetrum,Orthetrum cancellatum,Orthetrum cancellatum,-0.0021,False,False,False,False,Orthetrum cancellatum,0.98,False,False,False,False,Orthetrum cancellatum,-0.0022,False,False,False,False,Orthetrum cancellatum,0.984,False,False,False,False
ODOPL128-19,Orthetrum cancellatum,Orthetrum,known,Orthetrum cancellatum,Orthetrum,Orthetrum cancellatum,Orthetrum cancellatum,-0.0085,False,False,False,False,Orthetrum cancellatum,0.746,False,False,False,False,Orthetrum cancellatum,-0.0094,False,False,False,False,Orthetrum cancellatum,0.934,False,False,False,False
AODON614-20,Orthetrum cancellatum,Orthetrum,known,Orthetrum cancellatum,Orthetrum,Orthetrum cancellatum,Orthetrum cancellatum,-0.0066,False,False,False,False,Orthetrum cancellatum,0.952,False,False,False,False,Orthetrum cancellatum,-0.0077,False,False,False,False,Orthetrum cancellatum,0.944,False,False,False,False
ZPLOD619-20,Orthetrum cancellatum,Orthetrum,known,Orthetrum cancellatum,Orthetrum,Orthetrum cancellatum,Orthetrum cancellatum,-0.0041,False,False,False,False,Orthetrum cancellatum,0.888,False,False,False,False,Orthetrum cancellatum,-0.0044,False,False,False,False,Orthetrum cancellatum,0.97,False,False,False,False
AODON066-20,Orthetrum cancellatum,Orthetrum,known,Orthetrum cancellatum,Orthetrum,Orthetrum cancellatum,Orthetrum cancellatum,-0.0055,False,False,False,False,Orthetrum cancellatum,0.97,False,False,False,False,Orthetrum cancellatum,-0.0077,False,False,False,False,Orthetrum cancellatum,0.952,False,False,False,False
ODOBP2887-16,Orthetrum coerulescens,Orthetrum,unknown,ambiguous,Orthetrum,Orthetrum albistylum;Orthetrum brunneum;Orthetrum cancellatum,Orthetrum cancellatum,-0.0327,True,True,True,True,Orthetrum cancellatum,0.092,True,True,True,True,Orthetrum cancellatum,-0.0389,True,True,True,True,Orthetrum cancellatum,0.096,True,True,True,True
GBAAY36359-24,Orthetrum coerulescens,Orthetrum,unknown,ambiguous,Orthetrum,Orthetrum albistylum;Orthetrum brunneum;Orthetrum cancellatum,Orthetrum cancellatum,-0.0315,True,True,True,True,Orthetrum brunneum,0.108,True,True,True,True,Orthetrum cancellatum,-0.0389,True,True,True,True,Orthetrum cancellatum,0.098,True,True,True,True
ZPLOD639-20,Orthetrum coerulescens,Orthetrum,unknown,ambiguous,Orthetrum,Orthetrum albistylum;Orthetrum brunneum;Orthetrum cancellatum,Orthetrum cancellatum,-0.0336,True,True,True,True,Orthetrum cancellatum,0.092,True,True,True,True,Orthetrum cancellatum,-0.039,True,True,True,True,Orthetrum albistylum,0.1,True,True,True,True
GBAAY36382-24,Orthetrum coerulescens,Orthetrum,unknown,ambiguous,Orthetrum,Orthetrum albistylum;Orthetrum brunneum;Orthetrum cancellatum,Orthetrum cancellatum,-0.0321,True,True,True,True,Orthetrum brunneum,0.114,True,True,True,True,Orthetrum cancellatum,-0.0393,True,True,True,True,Orthetrum cancellatum,0.096,True,True,True,True
GBAAX3579-24,Orthetrum coerulescens,Orthetrum,unknown,ambiguous,Orthetrum,Orthetrum albistylum;Orthetrum brunneum;Orthetrum cancellatum,Orthetrum cancellatum,-0.0315,True,True,True,True,Orthetrum brunneum,0.104,True,True,True,True,Orthetrum cancellatum,-0.0389,True,True,True,True,Orthetrum brunneum,0.094,True,True,True,True
FBAQU506-10,Orthetrum coerulescens,Orthetrum,unknown,ambiguous,Orthetrum,Orthetrum albistylum;Orthetrum brunneum;Orthetrum cancellatum,Orthetrum cancellatum,-0.0311,True,True,True,True,Orthetrum brunneum,0.108,True,True,True,True,Orthetrum cancellatum,-0.0391,True,True,True,True,Orthetrum cancellatum,0.092,True,True,True,True
ZPLOD833-20,Orthetrum coerulescens,Orthetrum,unknown,ambiguous,Orthetrum,Orthetrum albistylum;Orthetrum brunneum;Orthetrum cancellatum,Orthetrum cancellatum,-0.0332,True,True,True,True,Orthetrum cancellatum,0.096,True,True,True,True,Orthetrum cancellatum,-0.039,True,True,True,True,Orthetrum cancellatum,0.1,True,True,True,True
GBAAY36369-24,Orthetrum coerulescens,Orthetrum,unknown,ambiguous,Orthetrum,Orthetrum albistylum;Orthetrum brunneum;Orthetrum cancellatum,Orthetrum cancellatum,-0.0299,True,True,True,True,Orthetrum brunneum,0.128,True,True,True,True,Orthetrum cancellatum,-0.0386,True,True,True,True,Orthetrum cancellatum,0.096,True,True,True,True
AODON887-22,Orthetrum coerulescens,Orthetrum,unknown,ambiguous,Orthetrum,Orthetrum albistylum;Orthetrum brunneum;Orthetrum cancellatum,Orthetrum cancellatum,-0.0325,True,True,True,True,Orthetrum brunneum,0.11,True,True,True,True,Orthetrum cancellatum,-0.0378,True,True,True,True,Orthetrum cancellatum,0.104,True,True,True,True
AODON261-20,Orthetrum coerulescens,Orthetrum,unknown,ambiguous,Orthetrum,Orthetrum albistylum;Orthetrum brunneum;Orthetrum cancellatum,Orthetrum cancellatum,-0.0332,True,True,True,True,Orthetrum cancellatum,0.096,True,True,True,True,Orthetrum cancellatum,-0.039,True,True,True,True,Orthetrum cancellatum,0.098,True,True,True,True
GBAAY36391-24,Orthetrum coerulescens,Orthetrum,unknown,ambiguous,Orthetrum,Orthetrum albistylum;Orthetrum brunneum;Orthetrum cancellatum,Orthetrum cancellatum,-0.0332,True,True,True,True,Orthetrum cancellatum,0.098,True,True,True,True,Orthetrum cancellatum,-0.0392,True,True,True,True,Orthetrum cancellatum,0.098,True,True,True,True
GBAAY36361-24,Orthetrum coerulescens,Orthetrum,unknown,ambiguous,Orthetrum,Orthetrum albistylum;Orthetrum brunneum;Orthetrum cancellatum,Orthetrum cancellatum,-0.033,True,True,True,True,Orthetrum brunneum,0.092,True,True,True,True,Orthetrum cancellatum,-0.0387,True,True,True,True,Orthetrum cancellatum,0.098,True,True,True,True
DTNHM2609-21,Orthetrum coerulescens,Orthetrum,unknown,ambiguous,Orthetrum,Orthetrum albistylum;Orthetrum brunneum;Orthetrum cancellatum,Orthetrum cancellatum,-0.0409,True,True,True,True,Orthetrum cancellatum,0.13,True,True,True,True,Orthetrum cancellatum,-0.0439,True,True,True,True,Ischnura saharensis,0.07,True,True,True,True
DTNHM10237-24,Orthetrum coerulescens,Orthetrum,unknown,ambiguous,Orthetrum,Orthetrum albistylum;Orthetrum brunneum;Orthetrum cancellatum,Orthetrum cancellatum,-0.0329,True,True,True,True,Orthetrum brunneum,0.096,True,True,True,True,Orthetrum brunneum,-0.0391,True,True,True,True,Orthetrum brunneum,0.096,True,True,True,True
GBAAW78361-24,Orthetrum coerulescens,Orthetrum,unknown,ambiguous,Orthetrum,Orthetrum albistylum;Orthetrum brunneum;Orthetrum cancellatum,Orthetrum cancellatum,-0.0326,True,True,True,True,Orthetrum brunneum,0.098,True,True,True,True,Orthetrum brunneum,-0.0402,True,True,True,True,Orthetrum cancellatum,0.086,True,True,True,True
LEFIJ29522-22,Orthetrum coerulescens,Orthetrum,unknown,ambiguous,Orthetrum,Orthetrum albistylum;Orthetrum brunneum;Orthetrum cancellatum,Orthetrum cancellatum,-0.031,True,True,True,True,Orthetrum cancellatum,0.086,True,True,True,True,Orthetrum cancellatum,-0.0392,True,True,True,True,Orthetrum brunneum,0.096,True,True,True,True
AODON263-20,Orthetrum coerulescens,Orthetrum,unknown,ambiguous,Orthetrum,Orthetrum albistylum;Orthetrum brunneum;Orthetrum cancellatum,Orthetrum cancellatum,-0.0325,True,True,True,True,Orthetrum brunneum,0.126,True,True,True,True,Orthetrum cancellatum,-0.0392,True,True,True,True,Orthetrum brunneum,0.098,True,True,True,True
GBAAY36383-24,Orthetrum coerulescens,Orthetrum,unknown,ambiguous,Orthetrum,Orthetrum albistylum;Orthetrum brunneum;Orthetrum cancellatum,Orthetrum cancellatum,-0.0314,True,True,True,True,Orthetrum cancellatum,0.126,True,True,True,True,Orthetrum cancellatum,-0.0373,True,True,True,True,Orthetrum cancellatum,0.106,True,True,True,True
GBAAW78362-24,Orthetrum coerulescens,Orthetrum,unknown,ambiguous,Orthetrum,Orthetrum albistylum;Orthetrum brunneum;Orthetrum cancellatum,Orthetrum albistylum,-0.0347,True,True,True,True,Orthetrum brunneum,0.1,True,True,True,True,Orthetrum brunneum,-0.0402,True,True,True,True,Orthetrum albistylum,0.092,True,True,True,True
GBAAX3580-24,Orthetrum coerulescens,Orthetrum,unknown,ambiguous,Orthetrum,Orthetrum albistylum;Orthetrum brunneum;Orthetrum cancellatum,Orthetrum cancellatum,-0.032,True,True,True,True,Orthetrum brunneum,0.104,True,True,True,True,Orthetrum cancellatum,-0.0391,True,True,True,True,Orthetrum brunneum,0.094,True,True,True,True
AODON520-20,Orthetrum coerulescens,Orthetrum,unknown,ambiguous,Orthetrum,Orthetrum albistylum;Orthetrum brunneum;Orthetrum cancellatum,Orthetrum brunneum,-0.0327,True,True,True,True,Orthetrum brunneum,0.086,True,True,True,True,Orthetrum cancellatum,-0.039,True,True,True,True,Orthetrum cancellatum,0.114,True,True,True,True
GBAAW78360-24,Orthetrum coerulescens,Orthetrum,unknown,ambiguous,Orthetrum,Orthetrum albistylum;Orthetrum brunneum;Orthetrum cancellatum,Orthetrum cancellatum,-0.0323,True,True,True,True,Orthetrum brunneum,0.092,True,True,True,True,Orthetrum brunneum,-0.0397,True,True,True,True,Orthetrum cancellatum,0.09,True,True,True,True
GBAAX3578-24,Orthetrum coerulescens,Orthetrum,unknown,ambiguous,Orthetrum,Orthetrum albistylum;Orthetrum brunneum;Orthetrum cancellatum,Orthetrum cancellatum,-0.0322,True,True,True,True,Orthetrum brunneum,0.118,True,True,True,True,Orthetrum cancellatum,-0.0391,True,True,True,True,Orthetrum brunneum,0.096,True,True,True,True
PLSW049-20,Orthetrum coerulescens,Orthetrum,unknown,ambiguous,Orthetrum,Orthetrum albistylum;Orthetrum brunneum;Orthetrum cancellatum,Orthetrum cancellatum,-0.0302,True,True,True,True,Orthetrum brunneum,0.1,True,True,True,True,Orthetrum cancellatum,-0.0386,True,True,True,True,Orthetrum cancellatum,0.098,True,True,True,True
ZMBN329-16,Orthetrum coerulescens,Orthetrum,unknown,ambiguous,Orthetrum,Orthetrum albistylum;Orthetrum brunneum;Orthetrum cancellatum,Orthetrum cancellatum,-0.0317,True,True,True,True,Orthetrum brunneum,0.1,True,True,True,True,Orthetrum cancellatum,-0.0392,True,True,True,True,Orthetrum cancellatum,0.096,True,True,True,True
LEFIJ29523-22,Orthetrum coerulescens,Orthetrum,unknown,ambiguous,Orthetrum,Orthetrum albistylum;Orthetrum brunneum;Orthetrum cancellatum,Orthetrum cancellatum,-0.0306,True,True,True,True,Orthetrum brunneum,0.096,True,True,True,True,Orthetrum cancellatum,-0.0392,True,True,True,True,Orthetrum cancellatum,0.096,True,True,True,True
GBAAY36362-24,Orthetrum coerulescens,Orthetrum,unknown,ambiguous,Orthetrum,Orthetrum albistylum;Orthetrum brunneum;Orthetrum cancellatum,Orthetrum cancellatum,-0.0314,True,True,True,True,Orthetrum cancellatum,0.148,True,True,True,True,Orthetrum cancellatum,-0.0374,True,True,True,True,Orthetrum cancellatum,0.102,True,True,True,True
ZPLOD626-20,Orthetrum coerulescens,Orthetrum,unknown,ambiguous,Orthetrum,Orthetrum albistylum;Orthetrum brunneum;Orthetrum cancellatum,Orthetrum cancellatum,-0.0321,True,True,True,True,Orthetrum brunneum,0.108,True,True,True,True,Orthetrum cancellatum,-0.0391,True,True,True,True,Orthetrum cancellatum,0.098,True,True,True,True
DTNHM5971-23,Orthetrum coerulescens,Orthetrum,unknown,ambiguous,Orthetrum,Orthetrum albistylum;Orthetrum brunneum;Orthetrum cancellatum,Orthetrum cancellatum,-0.0322,True,True,True,True,Orthetrum cancellatum,0.092,True,True,True,True,Orthetrum cancellatum,-0.0389,True,True,True,True,Orthetrum cancellatum,0.092,True,True,True,True
AODON071-20,Orthetrum coerulescens,Orthetrum,unknown,ambiguous,Orthetrum,Orthetrum albistylum;Orthetrum brunneum;Orthetrum cancellatum,Orthetrum cancellatum,-0.0316,True,True,True,True,Orthetrum cancellatum,0.114,True,True,True,True,Orthetrum cancellatum,-0.0387,True,True,True,True,Orthetrum cancellatum,0.104,True,True,True,True
GBAAY36375-24,Orthetrum coerulescens,Orthetrum,unknown,ambiguous,Orthetrum,Orthetrum albistylum;Orthetrum brunneum;Orthetrum cancellatum,Orthetrum cancellatum,-0.0321,True,True,True,True,Orthetrum brunneum,0.106,True,True,True,True,Orthetrum cancellatum,-0.0395,True,True,True,True,Orthetrum brunneum,0.094,True,True,True,True
AODON512-20,Orthetrum coerulescens,Orthetrum,unknown,ambiguous,Orthetrum,Orthetrum albistylum;Orthetrum brunneum;Orthetrum cancellatum,Orthetrum cancellatum,-0.0339,True,True,True,True,Orthetrum brunneum,0.102,True,True,True,True,Orthetrum brunneum,-0.0404,True,True,True,True,Orthetrum albistylum,0.088,True,True,True,True
GBAAY36381-24,Orthetrum coerulescens,Orthetrum,unknown,ambiguous,Orthetrum,Orthetrum albistylum;Orthetrum brunneum;Orthetrum cancellatum,Orthetrum cancellatum,-0.0317,True,True,True,True,Orthetrum cancellatum,0.112,True,True,True,True,Orthetrum cancellatum,-0.039,True,True,True,True,Orthetrum cancellatum,0.102,True,True,True,True
GBAAY36363-24,Orthetrum coerulescens,Orthetrum,unknown,ambiguous,Orthetrum,Orthetrum albistylum;Orthetrum brunneum;Orthetrum cancellatum,Orthetrum cancellatum,-0.0315,True,True,True,True,Orthetrum brunneum,0.104,True,True,True,True,Orthetrum brunneum,-0.0389,True,True,True,True,Orthetrum brunneum,0.13,True,True,True,True
AODON099-20,Orthetrum coerulescens,Orthetrum,unknown,ambiguous,Orthetrum,Orthetrum albistylum;Orthetrum brunneum;Orthetrum cancellatum,Orthetrum cancellatum,-0.0312,True,True,True,True,Orthetrum brunneum,0.102,True,True,True,True,Orthetrum cancellatum,-0.0389,True,True,True,True,Orthetrum brunneum,0.096,True,True,True,True
ZPLOD651-20,Orthetrum coerulescens,Orthetrum,unknown,ambiguous,Orthetrum,Orthetrum albistylum;Orthetrum brunneum;Orthetrum cancellatum,Orthetrum cancellatum,-0.0317,True,True,True,True,Orthetrum cancellatum,0.112,True,True,True,True,Orthetrum cancellatum,-0.0389,True,True,True,True,Orthetrum cancellatum,0.096,True,True,True,True
GBMHO1829-19,Pyrrhosoma elisabethae,Pyrrhosoma,unknown,Pyrrhosoma nymphula,Pyrrhosoma,Pyrrhosoma nymphula,Pyrrhosoma nymphula,-0.0131,True,True,True,False,Pyrrhosoma nymphula,0.668,False,False,False,False,Pyrrhosoma nymphula,-0.0155,True,True,True,False,Pyrrhosoma nymphula,0.708,False,False,False,False
GBMIN88626-17,Pyrrhosoma elisabethae,Pyrrhosoma,unknown,Pyrrhosoma nymphula,Pyrrhosoma,Pyrrhosoma nymphula,Pyrrhosoma nymphula,-0.0124,True,True,True,False,Pyrrhosoma nymphula,0.672,False,False,False,False,Pyrrhosoma nymphula,-0.0149,True,True,True,False,Pyrrhosoma nymphula,0.726,False,False,False,False
GBMIN88627-17,Pyrrhosoma elisabethae,Pyrrhosoma,unknown,Pyrrhosoma nymphula,Pyrrhosoma,Pyrrhosoma nymphula,Pyrrhosoma nymphula,-0.0124,True,True,True,False,Pyrrhosoma nymphula,0.674,False,False,False,False,Pyrrhosoma nymphula,-0.0144,True,True,True,False,Pyrrhosoma nymphula,0.716,False,False,False,False
AODON003-20,Pyrrhosoma nymphula,Pyrrhosoma,known,Pyrrhosoma nymphula,Pyrrhosoma,Pyrrhosoma nymphula,Pyrrhosoma nymphula,-0.0015,False,False,False,False,Pyrrhosoma nymphula,0.994,False,False,False,False,Pyrrhosoma nymphula,-0.0015,False,False,False,False,Pyrrhosoma nymphula,0.996,False,False,False,False
ODTRI002-14,Pyrrhosoma nymphula,Pyrrhosoma,known,Pyrrhosoma nymphula,Pyrrhosoma,Pyrrhosoma nymphula,Pyrrhosoma nymphula,-0.0084,False,False,False,False,Pyrrhosoma nymphula,0.836,False,False,False,False,Pyrrhosoma nymphula,-0.0095,False,False,False,False,Pyrrhosoma nymphula,0.962,False,False,False,False
AODON278-20,Pyrrhosoma nymphula,Pyrrhosoma,known,Pyrrhosoma nymphula,Pyrrhosoma,Pyrrhosoma nymphula,Pyrrhosoma nymphula,-0.0015,False,False,False,False,Pyrrhosoma nymphula,0.986,False,False,False,False,Pyrrhosoma nymphula,-0.0015,False,False,False,False,Pyrrhosoma nymphula,0.99,False,False,False,False
HMYZ137-21,Pyrrhosoma nymphula,Pyrrhosoma,known,Pyrrhosoma nymphula,Pyrrhosoma,Pyrrhosoma nymphula,Pyrrhosoma nymphula,-0.0082,False,False,False,False,Pyrrhosoma nymphula,0.964,False,False,False,False,Pyrrhosoma nymphula,-0.0075,False,False,False,False,Pyrrhosoma nymphula,0.982,False,False,False,False
FBAQU509-10,Pyrrhosoma nymphula,Pyrrhosoma,known,Pyrrhosoma nymphula,Pyrrhosoma,Pyrrhosoma nymphula,Pyrrhosoma nymphula,-0.0107,False,True,False,False,Pyrrhosoma nymphula,0.792,False,False,False,False,Pyrrhosoma nymphula,-0.0107,False,False,False,False,Pyrrhosoma nymphula,0.95,False,False,False,False
AODON348-20,Pyrrhosoma nymphula,Pyrrhosoma,known,Pyrrhosoma nymphula,Pyrrhosoma,Pyrrhosoma nymphula,Pyrrhosoma nymphula,-0.0051,False,False,False,False,Pyrrhosoma nymphula,0.802,False,False,False,False,Pyrrhosoma nymphula,-0.0056,False,False,False,False,Pyrrhosoma nymphula,0.936,False,False,False,False
AODON419-20,Pyrrhosoma nymphula,Pyrrhosoma,known,Pyrrhosoma nymphula,Pyrrhosoma,Pyrrhosoma nymphula,Pyrrhosoma nymphula,-0.0046,False,False,False,False,Pyrrhosoma nymphula,0.966,False,False,False,False,Pyrrhosoma nymphula,-0.0055,False,False,False,False,Pyrrhosoma nymphula,0.992,False,False,False,False
AODON401-20,Pyrrhosoma nymphula,Pyrrhosoma,known,Pyrrhosoma nymphula,Pyrrhosoma,Pyrrhosoma nymphula,Pyrrhosoma nymphula,-0.0042,False,False,False,False,Pyrrhosoma nymphula,0.962,False,False,False,False,Pyrrhosoma nymphula,-0.0051,False,False,False,False,Pyrrhosoma nymphula,0.984,False,False,False,False
AODON413-20,Pyrrhosoma nymphula,Pyrrhosoma,known,Pyrrhosoma nymphula,Pyrrhosoma,Pyrrhosoma nymphula,Pyrrhosoma nymphula,-0.005,False,False,False,False,Pyrrhosoma nymphula,0.918,False,False,False,False,Pyrrhosoma nymphula,-0.0059,False,False,False,False,Pyrrhosoma nymphula,0.93,False,False,False,False
FBAQU510-10,Pyrrhosoma nymphula,Pyrrhosoma,known,Pyrrhosoma nymphula,Pyrrhosoma,Pyrrhosoma nymphula,Pyrrhosoma nymphula,-0.01,False,True,False,False,Pyrrhosoma nymphula,0.768,False,False,False,False,Pyrrhosoma nymphula,-0.0107,False,False,False,False,Pyrrhosoma nymphula,0.948,False,False,False,False
ZPLOD703-20,Selysiothemis nigra,Selysiothemis,known,Selysiothemis nigra,Selysiothemis,Selysiothemis nigra,Selysiothemis nigra,-0.0043,False,False,False,False,Selysiothemis nigra,1.0,False,False,False,False,Selysiothemis nigra,-0.0053,False,False,False,False,Selysiothemis nigra,1.0,False,False,False,False
PLSW003-20,Sympetrum danae,Sympetrum,unknown,Sympetrum depressiusculum,Sympetrum,Sympetrum depressiusculum,Sympetrum depressiusculum,-0.0302,True,True,True,True,Sympetrum vulgatum,0.16,True,True,True,True,Sympetrum vulgatum,-0.0373,True,True,True,True,Sympetrum vulgatum,0.106,True,True,True,True
FBAQU516-10,Sympetrum danae,Sympetrum,unknown,Sympetrum depressiusculum,Sympetrum,Sympetrum depressiusculum,Sympetrum vulgatum,-0.0296,True,True,True,True,Sympetrum vulgatum,0.166,True,True,True,True,Sympetrum vulgatum,-0.0373,True,True,True,True,Sympetrum vulgatum,0.11,True,True,True,True
AODON525-20,Sympetrum danae,Sympetrum,unknown,Sympetrum depressiusculum,Sympetrum,Sympetrum depressiusculum,Sympetrum depressiusculum,-0.0302,True,True,True,True,Sympetrum vulgatum,0.142,True,True,True,True,Sympetrum vulgatum,-0.0377,True,True,True,True,Sympetrum vulgatum,0.104,True,True,True,True
AODON298-20,Sympetrum danae,Sympetrum,unknown,Sympetrum depressiusculum,Sympetrum,Sympetrum depressiusculum,Sympetrum depressiusculum,-0.0295,True,True,True,True,Sympetrum vulgatum,0.15,True,True,True,True,Sympetrum depressiusculum,-0.0374,True,True,True,True,Sympetrum vulgatum,0.104,True,True,True,True
AODON260-20,Sympetrum danae,Sympetrum,unknown,Sympetrum depressiusculum,Sympetrum,Sympetrum depressiusculum,Sympetrum depressiusculum,-0.0301,True,True,True,True,Sympetrum vulgatum,0.146,True,True,True,True,Sympetrum vulgatum,-0.0375,True,True,True,True,Sympetrum vulgatum,0.106,True,True,True,True
AODON523-20,Sympetrum danae,Sympetrum,unknown,Sympetrum depressiusculum,Sympetrum,Sympetrum depressiusculum,Sympetrum vulgatum,-0.0303,True,True,True,True,Sympetrum fonscolombii,0.106,True,True,True,True,Sympetrum depressiusculum,-0.0378,True,True,True,True,Sympetrum vulgatum,0.098,True,True,True,True
AODON301-20,Sympetrum danae,Sympetrum,unknown,Sympetrum depressiusculum,Sympetrum,Sympetrum depressiusculum,Sympetrum depressiusculum,-0.0297,True,True,True,True,Sympetrum vulgatum,0.152,True,True,True,True,Sympetrum vulgatum,-0.0374,True,True,True,True,Sympetrum vulgatum,0.102,True,True,True,True
AODON596-20,Sympetrum danae,Sympetrum,unknown,Sympetrum depressiusculum,Sympetrum,Sympetrum depressiusculum,Sympetrum depressiusculum,-0.0299,True,True,True,True,Sympetrum vulgatum,0.152,True,True,True,True,Sympetrum vulgatum,-0.0373,True,True,True,True,Sympetrum vulgatum,0.104,True,True,True,True
AODON748-20,Sympetrum danae,Sympetrum,unknown,Sympetrum depressiusculum,Sympetrum,Sympetrum depressiusculum,Sympetrum depressiusculum,-0.0303,True,True,True,True,Sympetrum vulgatum,0.148,True,True,True,True,Sympetrum depressiusculum,-0.0377,True,True,True,True,Sympetrum vulgatum,0.102,True,True,True,True
AODON302-20,Sympetrum danae,Sympetrum,unknown,Sympetrum depressiusculum,Sympetrum,Sympetrum depressiusculum,Sympetrum depressiusculum,-0.0296,True,True,True,True,Sympetrum vulgatum,0.148,True,True,True,True,Sympetrum depressiusculum,-0.0365,True,True,True,True,Sympetrum vulgatum,0.116,True,True,True,True
AODON723-20,Sympetrum depressiusculum,Sympetrum,known,Sympetrum depressiusculum,Sympetrum,Sympetrum depressiusculum,Sympetrum depressiusculum,-0.0037,False,False,False,False,Sympetrum depressiusculum,0.998,False,False,False,False,Sympetrum depressiusculum,-0.0053,False,False,False,False,Sympetrum depressiusculum,1.0,False,False,False,False
ZPLOD838-20,Sympetrum flaveolum,Sympetrum,known,Sympetrum flaveolum,Sympetrum,Sympetrum flaveolum,Sympetrum flaveolum,-0.0048,False,False,False,False,Sympetrum flaveolum,0.934,False,False,False,False,Sympetrum flaveolum,-0.0053,False,False,False,False,Sympetrum flaveolum,0.976,False,False,False,False
FBAQU517-10,Sympetrum fonscolombii,Sympetrum,known,Sympetrum fonscolombii,Sympetrum,Sympetrum fonscolombii,Sympetrum fonscolombii,-0.0098,False,True,False,False,Sympetrum fonscolombii,0.826,False,False,False,False,Sympetrum fonscolombii,-0.0109,False,True,False,False,Sympetrum fonscolombii,0.97,False,False,False,False
PLSW087-20,Sympetrum fonscolombii,Sympetrum,known,Sympetrum fonscolombii,Sympetrum,Sympetrum fonscolombii,Sympetrum fonscolombii,-0.0061,False,False,False,False,Sympetrum fonscolombii,0.926,False,False,False,False,Sympetrum fonscolombii,-0.0075,False,False,False,False,Sympetrum fonscolombii,0.966,False,False,False,False
ODOBP3557-16,Sympetrum fonscolombii,Sympetrum,known,Sympetrum fonscolombii,Sympetrum,Sympetrum fonscolombii,Sympetrum fonscolombii,-0.0043,False,False,False,False,Sympetrum fonscolombii,0.966,False,False,False,False,Sympetrum fonscolombii,-0.0053,False,False,False,False,Sympetrum fonscolombii,0.986,False,False,False,False
TRSKA2790-20,Sympetrum meridionale,Sympetrum,known,Sympetrum meridionale,Sympetrum,Sympetrum meridionale,Sympetrum meridionale,-0.0015,False,False,False,False,Sympetrum meridionale,1.0,False,False,False,False,Sympetrum meridionale,-0.0015,False,False,False,False,Sympetrum meridionale,1.0,False,False,False,False
ODOBP3565-16,Sympetrum meridionale,Sympetrum,known,Sympetrum meridionale,Sympetrum,Sympetrum meridionale,Sympetrum meridionale,-0.0015,False,False,False,False,Sympetrum meridionale,0.998,False,False,False,False,Sympetrum meridionale,-0.0015,False,False,False,False,Sympetrum meridionale,0.996,False,False,False,False
AODON377-20,Sympetrum meridionale,Sympetrum,known,Sympetrum meridionale,Sympetrum,Sympetrum meridionale,Sympetrum meridionale,-0.0051,False,False,False,False,Sympetrum meridionale,0.872,False,False,False,False,Sympetrum meridionale,-0.0055,False,False,False,False,Sympetrum meridionale,0.948,False,False,False,False
AODON372-20,Sympetrum meridionale,Sympetrum,known,Sympetrum meridionale,Sympetrum,Sympetrum meridionale,Sympetrum meridionale,-0.0015,False,False,False,False,Sympetrum meridionale,1.0,False,False,False,False,Sympetrum meridionale,-0.0015,False,False,False,False,Sympetrum meridionale,0.998,False,False,False,False
AODON878-22,Sympetrum pedemontanum,Sympetrum,known,Sympetrum pedemontanum,Sympetrum,Sympetrum pedemontanum,Sympetrum pedemontanum,-0.011,False,True,False,False,Sympetrum pedemontanum,0.732,False,False,False,False,Sympetrum pedemontanum,-0.01,False,False,False,False,Sympetrum pedemontanum,0.914,False,False,False,False
AODON116-20,Sympetrum pedemontanum,Sympetrum,known,Sympetrum pedemontanum,Sympetrum,Sympetrum pedemontanum,Sympetrum pedemontanum,-0.0043,False,False,False,False,Sympetrum pedemontanum,0.996,False,False,False,False,Sympetrum pedemontanum,-0.0053,False,False,False,False,Sympetrum pedemontanum,1.0,False,False,False,False
ZPLOD790-20,Sympetrum sanguineum,Sympetrum,known,Sympetrum sanguineum,Sympetrum,Sympetrum sanguineum,Sympetrum sanguineum,-0.0067,False,False,False,False,Sympetrum sanguineum,0.966,False,False,False,False,Sympetrum sanguineum,-0.0077,False,False,False,False,Sympetrum sanguineum,0.958,False,False,False,False
AODON241-20,Sympetrum sanguineum,Sympetrum,known,Sympetrum sanguineum,Sympetrum,Sympetrum sanguineum,Sympetrum sanguineum,-0.0065,False,False,False,False,Sympetrum sanguineum,0.976,False,False,False,False,Sympetrum sanguineum,-0.0075,False,False,False,False,Sympetrum sanguineum,0.958,False,False,False,False
AODON327-20,Sympetrum sanguineum,Sympetrum,known,Sympetrum sanguineum,Sympetrum,Sympetrum sanguineum,Sympetrum sanguineum,-0.0061,False,False,False,False,Sympetrum sanguineum,0.976,False,False,False,False,Sympetrum sanguineum,-0.0067,False,False,False,False,Sympetrum sanguineum,0.986,False,False,False,False
ODOBP2890-16,Sympetrum sanguineum,Sympetrum,known,Sympetrum sanguineum,Sympetrum,Sympetrum sanguineum,Sympetrum sanguineum,-0.0015,False,False,False,False,Sympetrum sanguineum,0.988,False,False,False,False,Sympetrum sanguineum,-0.0015,False,False,False,False,Sympetrum sanguineum,0.994,False,False,False,False
ZPLOD840-20,Sympetrum sanguineum,Sympetrum,known,Sympetrum sanguineum,Sympetrum,Sympetrum sanguineum,Sympetrum sanguineum,-0.0043,False,False,False,False,Sympetrum sanguineum,0.914,False,False,False,False,Sympetrum sanguineum,-0.0053,False,False,False,False,Sympetrum sanguineum,0.946,False,False,False,False
AODON538-20,Sympetrum sanguineum,Sympetrum,known,Sympetrum sanguineum,Sympetrum,Sympetrum sanguineum,Sympetrum sanguineum,-0.0109,False,True,False,False,Sympetrum sanguineum,0.668,False,False,False,False,Sympetrum sanguineum,-0.0111,False,True,False,False,Sympetrum sanguineum,0.876,False,False,False,False
AODON091-20,Sympetrum sanguineum,Sympetrum,known,Sympetrum sanguineum,Sympetrum,Sympetrum sanguineum,Sympetrum sanguineum,-0.0063,False,False,False,False,Sympetrum sanguineum,0.986,False,False,False,False,Sympetrum sanguineum,-0.0065,False,False,False,False,Sympetrum sanguineum,0.992,False,False,False,False
TRSKA2788-20,Sympetrum striolatum,Sympetrum,known,Sympetrum striolatum,Sympetrum,Sympetrum striolatum,Sympetrum striolatum,-0.0021,False,False,False,False,Sympetrum striolatum,0.984,False,False,False,False,Sympetrum striolatum,-0.0022,False,False,False,False,Sympetrum striolatum,0.998,False,False,False,False
ODOBP9073-23,Sympetrum striolatum,Sympetrum,known,Sympetrum striolatum,Sympetrum,Sympetrum striolatum,Sympetrum striolatum,-0.0021,False,False,False,False,Sympetrum striolatum,0.988,False,False,False,False,Sympetrum striolatum,-0.0022,False,False,False,False,Sympetrum striolatum,1.0,False,False,False,False
FBAQU325-09,Sympetrum striolatum,Sympetrum,known,Sympetrum striolatum,Sympetrum,Sympetrum striolatum,Sympetrum striolatum,-0.0015,False,False,False,False,Sympetrum striolatum,0.986,False,False,False,False,Sympetrum striolatum,-0.0015,False,False,False,False,Sympetrum striolatum,0.996,False,False,False,False
ZPLOD800-20,Sympetrum striolatum,Sympetrum,known,Sympetrum striolatum,Sympetrum,Sympetrum striolatum,Sympetrum striolatum,-0.0046,False,False,False,False,Sympetrum striolatum,0.964,False,False,False,False,Sympetrum striolatum,-0.0055,False,False,False,False,Sympetrum striolatum,0.962,False,False,False,False
AODON139-20,Sympetrum striolatum,Sympetrum,known,Sympetrum striolatum,Sympetrum,Sympetrum striolatum,Sympetrum striolatum,-0.004,False,False,False,False,Sympetrum striolatum,0.978,False,False,False,False,Sympetrum striolatum,-0.0051,False,False,False,False,Sympetrum striolatum,0.994,False,False,False,False
AODON376-20,Sympetrum striolatum,Sympetrum,known,Sympetrum striolatum,Sympetrum,Sympetrum striolatum,Sympetrum striolatum,-0.0043,False,False,False,False,Sympetrum striolatum,0.952,False,False,False,False,Sympetrum striolatum,-0.0053,False,False,False,False,Sympetrum striolatum,0.992,False,False,False,False
GBMHO3209-19,Sympetrum vulgatum,Sympetrum,known,Sympetrum vulgatum,Sympetrum,Sympetrum vulgatum,Sympetrum vulgatum,-0.0029,False,False,False,False,Sympetrum vulgatum,0.992,False,False,False,False,Sympetrum vulgatum,-0.0036,False,False,False,False,Sympetrum vulgatum,0.998,False,False,False,False
AODON763-20,Sympetrum vulgatum,Sympetrum,known,Sympetrum vulgatum,Sympetrum,Sympetrum vulgatum,Sympetrum vulgatum,-0.0043,False,False,False,False,Sympetrum vulgatum,0.986,False,False,False,False,Sympetrum vulgatum,-0.0053,False,False,False,False,Sympetrum vulgatum,0.96,False,False,False,False
LEFIJ29532-22,Sympetrum vulgatum,Sympetrum,known,Sympetrum vulgatum,Sympetrum,Sympetrum vulgatum,Sympetrum vulgatum,-0.0054,False,False,False,False,Sympetrum vulgatum,0.914,False,False,False,False,Sympetrum vulgatum,-0.0063,False,False,False,False,Sympetrum vulgatum,0.974,False,False,False,False
GBMHO3214-19,Sympetrum vulgatum,Sympetrum,known,Sympetrum vulgatum,Sympetrum,Sympetrum vulgatum,Sympetrum vulgatum,-0.004,False,False,False,False,Sympetrum vulgatum,0.852,False,False,False,False,Sympetrum vulgatum,-0.004,False,False,False,False,Sympetrum vulgatum,0.946,False,False,False,False
AODON272-20,Sympetrum vulgatum,Sympetrum,known,Sympetrum vulgatum,Sympetrum,Sympetrum vulgatum,Sympetrum vulgatum,-0.0043,False,False,False,False,Sympetrum vulgatum,0.974,False,False,False,False,Sympetrum vulgatum,-0.0053,False,False,False,False,Sympetrum vulgatum,0.97,False,False,False,False
GBMHO3213-19,Sympetrum vulgatum,Sympetrum,known,Sympetrum vulgatum,Sympetrum,Sympetrum vulgatum,Sympetrum vulgatum,-0.0041,False,False,False,False,Sympetrum vulgatum,0.87,False,False,False,False,Sympetrum vulgatum,-0.0043,False,False,False,False,Sympetrum vulgatum,0.95,False,False,False,False
AODON273-20,Sympetrum vulgatum,Sympetrum,known,Sympetrum vulgatum,Sympetrum,Sympetrum vulgatum,Sympetrum vulgatum,-0.0043,False,False,False,False,Sympetrum vulgatum,0.972,False,False,False,False,Sympetrum vulgatum,-0.0053,False,False,False,False,Sympetrum vulgatum,0.954,False,False,False,False
ZPLOD805-20,Trithemis annulata,Trithemis,known,Trithemis annulata,Trithemis,Trithemis annulata,Trithemis annulata,-0.0043,False,False,False,False,Trithemis annulata,0.992,False,False,False,False,Trithemis annulata,-0.0053,False,False,False,False,Trithemis annulata,0.998,False,False,False,False
